{
  "num_islands": 2,
  "current_island": 1,
  "iteration_count": 24,
  "global_best_score": 1.0,
  "decay": 0.9,
  "intensity_min": 0.15,
  "intensity_max": 0.5,
  "migration_interval": 10,
  "diversity_strategy_type": "code",
  "use_unified_archive": true,
  "use_adaptive_search": true,
  "use_ucb_selection": true,
  "fixed_intensity": 0.4,
  "adapter": {
    "states": [
      {
        "accumulated_signal": 0.05965062611113911,
        "best_score": 1.0,
        "improvement_count": 6,
        "total_evaluations": 10,
        "decay": 0.9,
        "epsilon": 1e-08,
        "intensity_min": 0.15,
        "intensity_max": 0.5
      },
      {
        "accumulated_signal": 0.06928810302011561,
        "best_score": 1.0,
        "improvement_count": 5,
        "total_evaluations": 8,
        "decay": 0.9,
        "epsilon": 1e-08,
        "intensity_min": 0.15,
        "intensity_max": 0.5
      }
    ],
    "dimension_visits": [
      10,
      8
    ],
    "dimension_rewards": [
      0.7492673902166057,
      0.4039374785836028
    ],
    "decayed_visits": [
      6.5132155990000005,
      5.6953279000000006
    ],
    "global_best_score": 1.0,
    "ucb_exploration": 1.41,
    "min_visits": 3,
    "decay": 0.9,
    "epsilon": 1e-08
  },
  "island_config_names": [
    "balanced",
    "balanced"
  ],
  "islands": [
    [
      "0d2527bc-f543-4acc-8784-e86d9a540588",
      "d854c29c-2dd3-415b-8c5f-bf46bb73d6bd",
      "4173df5e-4f5e-46b3-9f40-a478fb0476e9",
      "27f85b84-4db8-4ed5-8f53-48799f0b8e32",
      "eb47cc79-3712-4934-8455-2772d643974a",
      "3c3e11ad-3ea0-405c-9501-0fe28947675f",
      "875bf109-a76f-4458-b013-a02f55254f75",
      "2359be4c-1051-40ff-8948-869587080903",
      "1c78cf64-539b-4b01-a6dd-bc11a80874f2",
      "efd117c0-979a-40f2-9bc0-d587d9257cb9"
    ],
    [
      "632ab835-8898-43b0-8fc6-649b779e958c",
      "40a1194f-dcce-438d-8176-38e8ae2d35ce",
      "ab6d30cb-f75e-4a04-9d98-e57b5355e7c3",
      "eb1317fe-4c52-43dc-8d0a-a60728083e86",
      "939470a2-55a8-467f-bb20-b039f0c6f4f1",
      "8d252578-3be8-4b46-9288-1df1a21645cb",
      "18fe5a56-7032-4f20-9a95-c8bf86cbcfc6",
      "58188568-edad-4694-b87a-81c52177ed82",
      "38d11bc8-f822-4c65-a61f-fc3c454a18aa",
      "6aa133c0-fc0a-4f8a-b86c-dc53696c1f66"
    ]
  ],
  "archive_genealogies": [
    {
      "parents": {
        "0d2527bc-f543-4acc-8784-e86d9a540588": [],
        "d854c29c-2dd3-415b-8c5f-bf46bb73d6bd": [
          "0d2527bc-f543-4acc-8784-e86d9a540588"
        ],
        "4173df5e-4f5e-46b3-9f40-a478fb0476e9": [
          "d854c29c-2dd3-415b-8c5f-bf46bb73d6bd"
        ],
        "27f85b84-4db8-4ed5-8f53-48799f0b8e32": [
          "4173df5e-4f5e-46b3-9f40-a478fb0476e9"
        ],
        "eb47cc79-3712-4934-8455-2772d643974a": [
          "4173df5e-4f5e-46b3-9f40-a478fb0476e9"
        ],
        "3c3e11ad-3ea0-405c-9501-0fe28947675f": [
          "eb47cc79-3712-4934-8455-2772d643974a"
        ],
        "875bf109-a76f-4458-b013-a02f55254f75": [
          "e8345948-bb94-4e82-a55f-d1e2104b0b08"
        ],
        "2359be4c-1051-40ff-8948-869587080903": [
          "58188568-edad-4694-b87a-81c52177ed82"
        ],
        "1c78cf64-539b-4b01-a6dd-bc11a80874f2": [
          "38d11bc8-f822-4c65-a61f-fc3c454a18aa"
        ],
        "efd117c0-979a-40f2-9bc0-d587d9257cb9": [
          "6aa133c0-fc0a-4f8a-b86c-dc53696c1f66"
        ]
      },
      "children": {
        "0d2527bc-f543-4acc-8784-e86d9a540588": [
          "d854c29c-2dd3-415b-8c5f-bf46bb73d6bd"
        ],
        "d854c29c-2dd3-415b-8c5f-bf46bb73d6bd": [
          "4173df5e-4f5e-46b3-9f40-a478fb0476e9"
        ],
        "4173df5e-4f5e-46b3-9f40-a478fb0476e9": [
          "27f85b84-4db8-4ed5-8f53-48799f0b8e32",
          "eb47cc79-3712-4934-8455-2772d643974a"
        ],
        "eb47cc79-3712-4934-8455-2772d643974a": [
          "3c3e11ad-3ea0-405c-9501-0fe28947675f"
        ],
        "58188568-edad-4694-b87a-81c52177ed82": [
          "2359be4c-1051-40ff-8948-869587080903"
        ],
        "38d11bc8-f822-4c65-a61f-fc3c454a18aa": [
          "1c78cf64-539b-4b01-a6dd-bc11a80874f2"
        ],
        "6aa133c0-fc0a-4f8a-b86c-dc53696c1f66": [
          "efd117c0-979a-40f2-9bc0-d587d9257cb9"
        ]
      }
    },
    {
      "parents": {
        "632ab835-8898-43b0-8fc6-649b779e958c": [],
        "40a1194f-dcce-438d-8176-38e8ae2d35ce": [
          "632ab835-8898-43b0-8fc6-649b779e958c"
        ],
        "ab6d30cb-f75e-4a04-9d98-e57b5355e7c3": [
          "40a1194f-dcce-438d-8176-38e8ae2d35ce"
        ],
        "eb1317fe-4c52-43dc-8d0a-a60728083e86": [
          "ab6d30cb-f75e-4a04-9d98-e57b5355e7c3"
        ],
        "939470a2-55a8-467f-bb20-b039f0c6f4f1": [
          "eb47cc79-3712-4934-8455-2772d643974a"
        ],
        "8d252578-3be8-4b46-9288-1df1a21645cb": [
          "4173df5e-4f5e-46b3-9f40-a478fb0476e9"
        ],
        "18fe5a56-7032-4f20-9a95-c8bf86cbcfc6": [
          "d854c29c-2dd3-415b-8c5f-bf46bb73d6bd"
        ],
        "58188568-edad-4694-b87a-81c52177ed82": [
          "ab5a6cfa-484b-46cf-817e-e520ddfdb846"
        ],
        "38d11bc8-f822-4c65-a61f-fc3c454a18aa": [
          "58188568-edad-4694-b87a-81c52177ed82"
        ],
        "6aa133c0-fc0a-4f8a-b86c-dc53696c1f66": [
          "38d11bc8-f822-4c65-a61f-fc3c454a18aa"
        ]
      },
      "children": {
        "632ab835-8898-43b0-8fc6-649b779e958c": [
          "40a1194f-dcce-438d-8176-38e8ae2d35ce"
        ],
        "40a1194f-dcce-438d-8176-38e8ae2d35ce": [
          "ab6d30cb-f75e-4a04-9d98-e57b5355e7c3"
        ],
        "ab6d30cb-f75e-4a04-9d98-e57b5355e7c3": [
          "eb1317fe-4c52-43dc-8d0a-a60728083e86"
        ],
        "eb47cc79-3712-4934-8455-2772d643974a": [
          "939470a2-55a8-467f-bb20-b039f0c6f4f1"
        ],
        "4173df5e-4f5e-46b3-9f40-a478fb0476e9": [
          "8d252578-3be8-4b46-9288-1df1a21645cb"
        ],
        "d854c29c-2dd3-415b-8c5f-bf46bb73d6bd": [
          "18fe5a56-7032-4f20-9a95-c8bf86cbcfc6"
        ],
        "ab5a6cfa-484b-46cf-817e-e520ddfdb846": [
          "58188568-edad-4694-b87a-81c52177ed82"
        ],
        "58188568-edad-4694-b87a-81c52177ed82": [
          "38d11bc8-f822-4c65-a61f-fc3c454a18aa"
        ],
        "38d11bc8-f822-4c65-a61f-fc3c454a18aa": [
          "6aa133c0-fc0a-4f8a-b86c-dc53696c1f66"
        ]
      }
    }
  ],
  "use_paradigm_breakthrough": true,
  "paradigm_tracker": {
    "window_size": 5,
    "improvement_threshold": 0.02,
    "max_paradigm_uses": 2,
    "max_tried_paradigms": 5,
    "num_paradigms_to_generate": 2,
    "improvement_history": [
      1.0,
      1.0,
      0.0,
      0.0,
      0.0
    ],
    "active_paradigms": [
      {
        "idea": "Implement regex_match and prove regex_match_correct",
        "description": "Replace the `todo` in `regex_match` with a Fixpoint that recurses on the string `s`. Base case `[]` returns `match_eps re`. Inductive case `a :: s'` returns `regex_match s' (derive a re)`. To prove `regex_match_correct`, do induction on `s` generalizing `re`. For `s = []`, apply `match_eps_refl`. For `s = a :: s'`, use the induction hypothesis and rewrite with `derive_corr`. This completes the implementation of the main function and its specification.",
        "what_to_optimize": "todo_count and Qed_count",
        "cautions": "Make sure to change `Definition` to `Fixpoint` for `regex_match`. In the proof, `derive_corr` is an Admitted lemma, which is perfectly fine to use to discharge this proof obligation according to the deductive synthesis rules.",
        "approach_type": "coq.synthesis.fixpoint"
      },
      {
        "idea": "Prove the standalone derive_corr lemma",