{
  "num_islands": 2,
  "current_island": 0,
  "iteration_count": 9,
  "global_best_score": 0.5833333333333334,
  "decay": 0.9,
  "intensity_min": 0.15,
  "intensity_max": 0.5,
  "migration_interval": 10,
  "diversity_strategy_type": "code",
  "use_unified_archive": true,
  "use_adaptive_search": true,
  "use_ucb_selection": true,
  "fixed_intensity": 0.4,
  "adapter": {
    "states": [
      {
        "accumulated_signal": 0.10421817946035922,
        "best_score": 0.5833333333333334,
        "improvement_count": 6,
        "total_evaluations": 7,
        "decay": 0.9,
        "epsilon": 1e-08,
        "intensity_min": 0.15,
        "intensity_max": 0.5
      },
      {
        "accumulated_signal": 0.12726735565191016,
        "best_score": 0.3333333333333333,
        "improvement_count": 2,
        "total_evaluations": 4,
        "decay": 0.9,
        "epsilon": 1e-08,
        "intensity_min": 0.15,
        "intensity_max": 0.5
      }
    ],
    "dimension_visits": [
      7,
      4
    ],
    "dimension_rewards": [
      1.613447204907846,
      0.45439558948508685
    ],
    "decayed_visits": [
      5.217031,
      3.439
    ],
    "global_best_score": 0.5833333333333334,
    "ucb_exploration": 1.41,
    "min_visits": 3,
    "decay": 0.9,
    "epsilon": 1e-08
  },
  "island_config_names": [
    "balanced",
    "balanced"
  ],
  "islands": [
    [
      "0e8c9508-921e-42a3-9952-332595787165",
      "e594e68b-4029-412b-aab0-7e80efd322f8",
      "3352bd54-0be8-4bfe-b835-b1c8c6bc52cd",
      "aa15f890-9ea6-405d-be08-c4633ef35d27",
      "2c9ae2d5-370e-4b98-91e3-05ded15f9db9",
      "b5942f7a-1f23-46e2-bd7c-ec651d802dca",
      "548caef1-e002-4d61-8259-82d3b92ff963"
    ],
    [
      "aee17e4f-e7a4-47c5-8fc5-3b08f4f7adb9",
      "4dab07f0-123f-419c-b2be-eed78bf3d31b",
      "50335479-a221-40eb-9f03-de412c52fdd6",
      "1fec29b1-cb47-4ddb-9250-ebbb1dd2aecd",
      "dfd52f8d-7818-41bc-83b9-b8ab21cedb93"
    ]
  ],
  "archive_genealogies": [
    {
      "parents": {
        "0e8c9508-921e-42a3-9952-332595787165": [],
        "e594e68b-4029-412b-aab0-7e80efd322f8": [
          "0e8c9508-921e-42a3-9952-332595787165"
        ],
        "3352bd54-0be8-4bfe-b835-b1c8c6bc52cd": [
          "e594e68b-4029-412b-aab0-7e80efd322f8"
        ],
        "aa15f890-9ea6-405d-be08-c4633ef35d27": [
          "3352bd54-0be8-4bfe-b835-b1c8c6bc52cd"
        ],
        "2c9ae2d5-370e-4b98-91e3-05ded15f9db9": [
          "aa15f890-9ea6-405d-be08-c4633ef35d27"
        ],
        "b5942f7a-1f23-46e2-bd7c-ec651d802dca": [
          "2c9ae2d5-370e-4b98-91e3-05ded15f9db9"
        ],
        "548caef1-e002-4d61-8259-82d3b92ff963": [
          "e594e68b-4029-412b-aab0-7e80efd322f8"
        ]
      },
      "children": {
        "0e8c9508-921e-42a3-9952-332595787165": [
          "e594e68b-4029-412b-aab0-7e80efd322f8"
        ],
        "e594e68b-4029-412b-aab0-7e80efd322f8": [
          "3352bd54-0be8-4bfe-b835-b1c8c6bc52cd",
          "548caef1-e002-4d61-8259-82d3b92ff963"
        ],
        "3352bd54-0be8-4bfe-b835-b1c8c6bc52cd": [
          "aa15f890-9ea6-405d-be08-c4633ef35d27"
        ],
        "aa15f890-9ea6-405d-be08-c4633ef35d27": [
          "2c9ae2d5-370e-4b98-91e3-05ded15f9db9"
        ],
        "2c9ae2d5-370e-4b98-91e3-05ded15f9db9": [
          "b5942f7a-1f23-46e2-bd7c-ec651d802dca"
        ]
      }
    },
    {
      "parents": {
        "aee17e4f-e7a4-47c5-8fc5-3b08f4f7adb9": [],
        "4dab07f0-123f-419c-b2be-eed78bf3d31b": [
          "aee17e4f-e7a4-47c5-8fc5-3b08f4f7adb9"
        ],
        "50335479-a221-40eb-9f03-de412c52fdd6": [
          "aee17e4f-e7a4-47c5-8fc5-3b08f4f7adb9"
        ],
        "1fec29b1-cb47-4ddb-9250-ebbb1dd2aecd": [
          "4dab07f0-123f-419c-b2be-eed78bf3d31b"
        ],
        "dfd52f8d-7818-41bc-83b9-b8ab21cedb93": [
          "50335479-a221-40eb-9f03-de412c52fdd6"
        ]
      },
      "children": {
        "aee17e4f-e7a4-47c5-8fc5-3b08f4f7adb9": [
          "4dab07f0-123f-419c-b2be-eed78bf3d31b",
          "50335479-a221-40eb-9f03-de412c52fdd6"
        ],
        "4dab07f0-123f-419c-b2be-eed78bf3d31b": [
          "1fec29b1-cb47-4ddb-9250-ebbb1dd2aecd"
        ],
        "50335479-a221-40eb-9f03-de412c52fdd6": [
          "dfd52f8d-7818-41bc-83b9-b8ab21cedb93"
        ]
      }
    }
  ],
  "use_paradigm_breakthrough": true,
  "paradigm_tracker": {
    "window_size": 5,
    "improvement_threshold": 0.02,
    "max_paradigm_uses": 2,
    "max_tried_paradigms": 5,
    "num_paradigms_to_generate": 2,
    "improvement_history": [
      1.0,
      1.0,
      1.0,
      0.0,
      0.0
    ],
    "active_paradigms": [],
    "paradigm_usage_counts": {},
    "current_paradigm_index": 0,
    "tried_paradigms": [],
    "best_score_at_paradigm_gen": 0.0,
    "best_score_during_paradigm": 0.0
  }
}