{
  "id": "b5942f7a-1f23-46e2-bd7c-ec651d802dca",
  "generation": 5,
  "iteration": 8,
  "current_iteration": 10,
  "metrics": {
    "combined_score": 0.5833333333333334,
    "compiles": 1.0,
    "qed_count": 7.0,
    "admitted_count": 5.0,
    "todo_count": 0.0,
    "code_length": 146.0,
    "done": 0.0
  },
  "language": "coq",
  "timestamp": 1773253601.151166,
  "saved_at": 1773253649.835917
}