{
  "id": "d38cfb68-4c3c-4b2c-ab25-75de64c44db7",
  "generation": 8,
  "iteration": 13,
  "current_iteration": 15,
  "metrics": {
    "combined_score": 0.8333333333333334,
    "compiles": 1.0,
    "qed_count": 10.0,
    "admitted_count": 2.0,
    "todo_count": 0.0,
    "code_length": 163.0,
    "done": 0.0
  },
  "language": "coq",
  "timestamp": 1773253736.091955,
  "saved_at": 1773253810.3674428
}