{
  "num_islands": 2,
  "current_island": 1,
  "iteration_count": 34,
  "global_best_score": 1.0,
  "decay": 0.9,
  "intensity_min": 0.15,
  "intensity_max": 0.5,
  "migration_interval": 10,
  "diversity_strategy_type": "code",
  "use_unified_archive": true,
  "use_adaptive_search": true,
  "use_ucb_selection": true,
  "fixed_intensity": 0.4,
  "adapter": {
    "states": [
      {
        "accumulated_signal": 0.1776834185422042,
        "best_score": 1.0,
        "improvement_count": 8,
        "total_evaluations": 16,
        "decay": 0.9,
        "epsilon": 1e-08,
        "intensity_min": 0.15,
        "intensity_max": 0.5
      },
      {
        "accumulated_signal": 0.22445004507357716,
        "best_score": 1.0,
        "improvement_count": 6,
        "total_evaluations": 15,
        "decay": 0.9,
        "epsilon": 1e-08,
        "intensity_min": 0.15,
        "intensity_max": 0.5
      }
    ],
    "dimension_visits": [
      16,
      15
    ],
    "dimension_rewards": [
      1.1842881408222283,
      0.836297043292954
    ],
    "decayed_visits": [
      8.14697981114816,
      7.94108867905351
    ],
    "global_best_score": 1.0,
    "ucb_exploration": 1.41,
    "min_visits": 3,
    "decay": 0.9,
    "epsilon": 1e-08
  },
  "island_config_names": [
    "balanced",
    "balanced"
  ],
  "islands": [
    [
      "f1921b49-ee46-4ad0-829d-b092acb2f05a",
      "e277de4c-bd63-4053-af04-2db51ebbf3ff",
      "20074a90-145f-480c-844c-d9a7c426f416",
      "3bfef7ee-82dc-44b3-abbf-8e3b1d49cab3",
      "9dfb0733-0105-466d-91df-4a701646e565",
      "29b2f81c-8aef-46b9-8ac4-d4b93a46434b",
      "10ed248b-c224-49cc-8e89-00ac088f1890",
      "d4d1feba-88df-41e4-a116-a3d8bb12df20",
      "9f87279d-0f5a-44ba-af22-187a5f0ff21d",
      "bff041b1-bca0-44f1-ac90-a3f273ae2606"
    ],
    [
      "3d67b221-e380-46e9-bded-b650ffc28b85",
      "49ff5735-0ca6-4bd4-a85c-14337b8e5fcc",
      "fbd70cea-818f-42b7-b714-2e505bf39111",
      "5330655a-1d4c-48cd-8707-aa708f497d9e",
      "c4114072-2caa-483f-8d2e-1a40a5e5b1e4",
      "5fb964c6-4178-4a9c-ac90-3b7ae222bca1",
      "8d337ab7-261a-477f-9f9c-3d8d3c0e67e2",
      "eee2133f-1491-413b-8bb2-76de29199f33",
      "65751f80-5800-4d37-9a0d-ad89ea32a0a1",
      "6cd71a44-0bfb-4834-9545-c3f1418cf5af"
    ]
  ],
  "archive_genealogies": [
    {
      "parents": {
        "f1921b49-ee46-4ad0-829d-b092acb2f05a": [],
        "e277de4c-bd63-4053-af04-2db51ebbf3ff": [
          "f1921b49-ee46-4ad0-829d-b092acb2f05a"
        ],
        "20074a90-145f-480c-844c-d9a7c426f416": [
          "e277de4c-bd63-4053-af04-2db51ebbf3ff"
        ],
        "3bfef7ee-82dc-44b3-abbf-8e3b1d49cab3": [
          "9235c0b3-c3bf-4d3b-9011-2160d29f487c"
        ],
        "9dfb0733-0105-466d-91df-4a701646e565": [
          "3bfef7ee-82dc-44b3-abbf-8e3b1d49cab3"
        ],
        "29b2f81c-8aef-46b9-8ac4-d4b93a46434b": [
          "e277de4c-bd63-4053-af04-2db51ebbf3ff"
        ],
        "10ed248b-c224-49cc-8e89-00ac088f1890": [
          "bdd02918-5e74-465c-94a5-5be2ed0ad8b5"
        ],
        "d4d1feba-88df-41e4-a116-a3d8bb12df20": [
          "10ed248b-c224-49cc-8e89-00ac088f1890"
        ],
        "9f87279d-0f5a-44ba-af22-187a5f0ff21d": [
          "f04c3a9e-146a-45f8-ae2c-e32b50531e5f"
        ],
        "bff041b1-bca0-44f1-ac90-a3f273ae2606": [
          "5fb964c6-4178-4a9c-ac90-3b7ae222bca1"
        ]
      },
      "children": {
        "f1921b49-ee46-4ad0-829d-b092acb2f05a": [
          "e277de4c-bd63-4053-af04-2db51ebbf3ff"
        ],
        "e277de4c-bd63-4053-af04-2db51ebbf3ff": [
          "20074a90-145f-480c-844c-d9a7c426f416",
          "29b2f81c-8aef-46b9-8ac4-d4b93a46434b"
        ],
        "3bfef7ee-82dc-44b3-abbf-8e3b1d49cab3": [
          "9dfb0733-0105-466d-91df-4a701646e565"
        ],
        "10ed248b-c224-49cc-8e89-00ac088f1890": [
          "d4d1feba-88df-41e4-a116-a3d8bb12df20"
        ],
        "f04c3a9e-146a-45f8-ae2c-e32b50531e5f": [
          "9f87279d-0f5a-44ba-af22-187a5f0ff21d"
        ],
        "5fb964c6-4178-4a9c-ac90-3b7ae222bca1": [
          "bff041b1-bca0-44f1-ac90-a3f273ae2606"
        ]
      }
    },
    {
      "parents": {
        "3d67b221-e380-46e9-bded-b650ffc28b85": [],
        "49ff5735-0ca6-4bd4-a85c-14337b8e5fcc": [
          "f7c5fe3c-e5f2-4247-8c08-6303f6aad86c"
        ],
        "fbd70cea-818f-42b7-b714-2e505bf39111": [
          "49ff5735-0ca6-4bd4-a85c-14337b8e5fcc"
        ],
        "5330655a-1d4c-48cd-8707-aa708f497d9e": [
          "3bfef7ee-82dc-44b3-abbf-8e3b1d49cab3"
        ],
        "c4114072-2caa-483f-8d2e-1a40a5e5b1e4": [
          "20074a90-145f-480c-844c-d9a7c426f416"
        ],
        "5fb964c6-4178-4a9c-ac90-3b7ae222bca1": [
          "429eb670-02f1-4065-9076-ed826f5e9bf4"
        ],
        "8d337ab7-261a-477f-9f9c-3d8d3c0e67e2": [
          "49ff5735-0ca6-4bd4-a85c-14337b8e5fcc"
        ],
        "eee2133f-1491-413b-8bb2-76de29199f33": [
          "429eb670-02f1-4065-9076-ed826f5e9bf4"
        ],
        "65751f80-5800-4d37-9a0d-ad89ea32a0a1": [
          "5fb964c6-4178-4a9c-ac90-3b7ae222bca1"
        ],
        "6cd71a44-0bfb-4834-9545-c3f1418cf5af": [
          "5fb964c6-4178-4a9c-ac90-3b7ae222bca1"
        ]
      },
      "children": {
        "49ff5735-0ca6-4bd4-a85c-14337b8e5fcc": [
          "fbd70cea-818f-42b7-b714-2e505bf39111",
          "8d337ab7-261a-477f-9f9c-3d8d3c0e67e2"
        ],
        "3bfef7ee-82dc-44b3-abbf-8e3b1d49cab3": [
          "5330655a-1d4c-48cd-8707-aa708f497d9e"
        ],
        "20074a90-145f-480c-844c-d9a7c426f416": [
          "c4114072-2caa-483f-8d2e-1a40a5e5b1e4"
        ],
        "5fb964c6-4178-4a9c-ac90-3b7ae222bca1": [
          "65751f80-5800-4d37-9a0d-ad89ea32a0a1",
          "6cd71a44-0bfb-4834-9545-c3f1418cf5af"
        ]
      }
    }
  ],
  "use_paradigm_breakthrough": true,
  "paradigm_tracker": {
    "window_size": 5,
    "improvement_threshold": 0.02,
    "max_paradigm_uses": 2,
    "max_tried_paradigms": 20,
    "num_paradigms_to_generate": 2,
    "improvement_history": [
      0.0,
      0.0,
      0.0,
      0.0,
      0.0
    ],
    "active_paradigms": [
      {
        "idea": "Systematic use of Coq automation tactics (lia, auto) for proof compression",
        "description": "Although the current program scores 1.0, the proofs are highly explicit and manual. We can improve the proof script elegance and maintainability by systematically applying `lia` for all integer arithmetic goals and `auto` for logical splitting. By using `zify` alongside `lia`, we can directly solve boolean inequality reflections (like `Nat.ltb_lt`) without manual application, drastically reducing the proof size and complexity.",
        "what_to_optimize": "code_length and proof readability",
        "cautions": "Ensure that `Require Import Lia.` is present. Overusing `auto` without bounds can increase compilation time.",
        "approach_type": "coq.tactics.lia"
      },
      {
        "idea": "Correct-by-construction using Coq's Program framework",
        "description": "Instead of separating the function definitions and their correctness proofs, use Coq's `Program Fixpoint` framework. This allows embedding the preconditions and postconditions directly into the function types (e.g., returning a subset type `{t : tree V | BST t}`). The framework automatically generates proof obligations, ensuring that the implementation and specification are tightly coupled and verified simultaneously.",
        "what_to_optimize": "structural integration and type safety",
        "cautions": "Requires importing `Coq.Program.Wf` or similar modules. The syntax for dependent pattern matching and handling subset types can introduce complex convoy patterns.",
        "approach_type": "coq.program.fixpoint"
      }
    ],
    "paradigm_usage_counts": {
      "0": 2,
      "1": 2
    },
    "current_paradigm_index": 1,
    "tried_paradigms": [
      {
        "idea": "Leverage Coq's built-in automation with custom Hint databases and eauto",