{
  "num_islands": 2,
  "current_island": 1,
  "iteration_count": 4,
  "global_best_score": 0.75,
  "decay": 0.9,
  "intensity_min": 0.15,
  "intensity_max": 0.5,
  "migration_interval": 10,
  "diversity_strategy_type": "code",
  "use_unified_archive": true,
  "use_adaptive_search": true,
  "use_ucb_selection": true,
  "fixed_intensity": 0.4,
  "adapter": {
    "states": [
      {
        "accumulated_signal": 0.08311111103513578,
        "best_score": 0.6470588235294118,
        "improvement_count": 3,
        "total_evaluations": 3,
        "decay": 0.9,
        "epsilon": 1e-08,
        "intensity_min": 0.15,
        "intensity_max": 0.5
      },
      {
        "accumulated_signal": 0.07733099158892874,
        "best_score": 0.75,
        "improvement_count": 3,
        "total_evaluations": 3,
        "decay": 0.9,
        "epsilon": 1e-08,
        "intensity_min": 0.15,
        "intensity_max": 0.5
      }
    ],
    "dimension_visits": [
      3,
      3
    ],
    "dimension_rewards": [
      1.009999996411111,
      0.31454544968429754
    ],
    "decayed_visits": [
      2.71,
      2.71
    ],
    "global_best_score": 0.75,
    "ucb_exploration": 1.41,
    "min_visits": 3,
    "decay": 0.9,
    "epsilon": 1e-08
  },
  "island_config_names": [
    "balanced",
    "balanced"
  ],
  "islands": [
    [
      "0d2527bc-f543-4acc-8784-e86d9a540588",
      "d854c29c-2dd3-415b-8c5f-bf46bb73d6bd",
      "4173df5e-4f5e-46b3-9f40-a478fb0476e9"
    ],
    [
      "632ab835-8898-43b0-8fc6-649b779e958c",
      "40a1194f-dcce-438d-8176-38e8ae2d35ce",
      "ab6d30cb-f75e-4a04-9d98-e57b5355e7c3",
      "eb1317fe-4c52-43dc-8d0a-a60728083e86"
    ]
  ],
  "archive_genealogies": [
    {
      "parents": {
        "0d2527bc-f543-4acc-8784-e86d9a540588": [],
        "d854c29c-2dd3-415b-8c5f-bf46bb73d6bd": [
          "0d2527bc-f543-4acc-8784-e86d9a540588"
        ],
        "4173df5e-4f5e-46b3-9f40-a478fb0476e9": [
          "d854c29c-2dd3-415b-8c5f-bf46bb73d6bd"
        ]
      },
      "children": {
        "0d2527bc-f543-4acc-8784-e86d9a540588": [
          "d854c29c-2dd3-415b-8c5f-bf46bb73d6bd"
        ],
        "d854c29c-2dd3-415b-8c5f-bf46bb73d6bd": [
          "4173df5e-4f5e-46b3-9f40-a478fb0476e9"
        ]
      }
    },
    {
      "parents": {
        "632ab835-8898-43b0-8fc6-649b779e958c": [],
        "40a1194f-dcce-438d-8176-38e8ae2d35ce": [
          "632ab835-8898-43b0-8fc6-649b779e958c"
        ],
        "ab6d30cb-f75e-4a04-9d98-e57b5355e7c3": [
          "40a1194f-dcce-438d-8176-38e8ae2d35ce"
        ],
        "eb1317fe-4c52-43dc-8d0a-a60728083e86": [
          "ab6d30cb-f75e-4a04-9d98-e57b5355e7c3"
        ]
      },
      "children": {
        "632ab835-8898-43b0-8fc6-649b779e958c": [
          "40a1194f-dcce-438d-8176-38e8ae2d35ce"
        ],
        "40a1194f-dcce-438d-8176-38e8ae2d35ce": [
          "ab6d30cb-f75e-4a04-9d98-e57b5355e7c3"
        ],
        "ab6d30cb-f75e-4a04-9d98-e57b5355e7c3": [
          "eb1317fe-4c52-43dc-8d0a-a60728083e86"
        ]
      }
    }
  ],
  "use_paradigm_breakthrough": true,
  "paradigm_tracker": {
    "window_size": 5,
    "improvement_threshold": 0.02,
    "max_paradigm_uses": 2,
    "max_tried_paradigms": 5,
    "num_paradigms_to_generate": 2,
    "improvement_history": [
      1.0,
      1.0,
      0.0,
      0.0,
      1.0
    ],
    "active_paradigms": [],
    "paradigm_usage_counts": {},
    "current_paradigm_index": 0,
    "tried_paradigms": [],
    "best_score_at_paradigm_gen": 0.0,
    "best_score_during_paradigm": 0.0
  }
}