{
  "num_islands": 2,
  "current_island": 1,
  "iteration_count": 9,
  "global_best_score": 0.8,
  "decay": 0.9,
  "intensity_min": 0.15,
  "intensity_max": 0.5,
  "migration_interval": 10,
  "diversity_strategy_type": "code",
  "use_unified_archive": true,
  "use_adaptive_search": true,
  "use_ucb_selection": true,
  "fixed_intensity": 0.4,
  "adapter": {
    "states": [
      {
        "accumulated_signal": 0.2531211015157413,
        "best_score": 0.8,
        "improvement_count": 5,
        "total_evaluations": 6,
        "decay": 0.9,
        "epsilon": 1e-08,
        "intensity_min": 0.15,
        "intensity_max": 0.5
      },
      {
        "accumulated_signal": 0.2688999897500006,
        "best_score": 0.6,
        "improvement_count": 3,
        "total_evaluations": 5,
        "decay": 0.9,
        "epsilon": 1e-08,
        "intensity_min": 0.15,
        "intensity_max": 0.5
      }
    ],
    "dimension_visits": [
      6,
      5
    ],
    "dimension_rewards": [
      2.5455899540500018,
      1.0975499725612505
    ],
    "decayed_visits": [
      4.68559,
      4.0951
    ],
    "global_best_score": 0.8,
    "ucb_exploration": 1.41,
    "min_visits": 3,
    "decay": 0.9,
    "epsilon": 1e-08
  },
  "island_config_names": [
    "balanced",
    "balanced"
  ],
  "islands": [
    [
      "723ba1fb-5b86-4f90-aa4b-8f05bcd72e28",
      "c250c9c7-db09-4fc6-9ef2-89607a10c95d",
      "5d274b4b-3ccc-49c0-89cc-9064862e0973",
      "f828019d-d1e0-409e-9927-b446834e3be2",
      "e3157860-e5ca-4219-a341-e47e78a311f0",
      "3b2c6abc-d6f4-485a-bb35-5d514a968e54"
    ],
    [
      "0ec1bdb6-0f38-431f-8f33-532a73a316a5",
      "0b939435-ebb1-4dca-ba06-18cf8e63534e",
      "c2f4c3ef-76a9-4bf0-80fd-584703e5b68e",
      "6e726768-2f7d-4cdc-938d-3245f82230f6",
      "22b23887-eab9-4b08-a556-70d6ff551f4c",
      "0bb92f53-32ad-44be-abad-90ace6aa7d27"
    ]
  ],
  "archive_genealogies": [
    {
      "parents": {
        "723ba1fb-5b86-4f90-aa4b-8f05bcd72e28": [],
        "c250c9c7-db09-4fc6-9ef2-89607a10c95d": [
          "723ba1fb-5b86-4f90-aa4b-8f05bcd72e28"
        ],
        "5d274b4b-3ccc-49c0-89cc-9064862e0973": [
          "c250c9c7-db09-4fc6-9ef2-89607a10c95d"
        ],
        "f828019d-d1e0-409e-9927-b446834e3be2": [
          "5d274b4b-3ccc-49c0-89cc-9064862e0973"
        ],
        "e3157860-e5ca-4219-a341-e47e78a311f0": [
          "f828019d-d1e0-409e-9927-b446834e3be2"
        ],
        "3b2c6abc-d6f4-485a-bb35-5d514a968e54": [
          "e3157860-e5ca-4219-a341-e47e78a311f0"
        ]
      },
      "children": {
        "723ba1fb-5b86-4f90-aa4b-8f05bcd72e28": [
          "c250c9c7-db09-4fc6-9ef2-89607a10c95d"
        ],
        "c250c9c7-db09-4fc6-9ef2-89607a10c95d": [
          "5d274b4b-3ccc-49c0-89cc-9064862e0973"
        ],
        "5d274b4b-3ccc-49c0-89cc-9064862e0973": [
          "f828019d-d1e0-409e-9927-b446834e3be2"
        ],
        "f828019d-d1e0-409e-9927-b446834e3be2": [
          "e3157860-e5ca-4219-a341-e47e78a311f0"
        ],
        "e3157860-e5ca-4219-a341-e47e78a311f0": [
          "3b2c6abc-d6f4-485a-bb35-5d514a968e54"
        ]
      }
    },
    {
      "parents": {
        "0ec1bdb6-0f38-431f-8f33-532a73a316a5": [],
        "0b939435-ebb1-4dca-ba06-18cf8e63534e": [
          "0ec1bdb6-0f38-431f-8f33-532a73a316a5"
        ],
        "c2f4c3ef-76a9-4bf0-80fd-584703e5b68e": [
          "0b939435-ebb1-4dca-ba06-18cf8e63534e"
        ],
        "6e726768-2f7d-4cdc-938d-3245f82230f6": [
          "c2f4c3ef-76a9-4bf0-80fd-584703e5b68e"
        ],
        "22b23887-eab9-4b08-a556-70d6ff551f4c": [
          "0b939435-ebb1-4dca-ba06-18cf8e63534e"
        ],
        "0bb92f53-32ad-44be-abad-90ace6aa7d27": [
          "0ec1bdb6-0f38-431f-8f33-532a73a316a5"
        ]
      },
      "children": {
        "0ec1bdb6-0f38-431f-8f33-532a73a316a5": [
          "0b939435-ebb1-4dca-ba06-18cf8e63534e",
          "0bb92f53-32ad-44be-abad-90ace6aa7d27"
        ],
        "0b939435-ebb1-4dca-ba06-18cf8e63534e": [
          "c2f4c3ef-76a9-4bf0-80fd-584703e5b68e",
          "22b23887-eab9-4b08-a556-70d6ff551f4c"
        ],
        "c2f4c3ef-76a9-4bf0-80fd-584703e5b68e": [
          "6e726768-2f7d-4cdc-938d-3245f82230f6"
        ]
      }
    }
  ],
  "use_paradigm_breakthrough": true,
  "paradigm_tracker": {
    "window_size": 5,
    "improvement_threshold": 0.02,
    "max_paradigm_uses": 2,
    "max_tried_paradigms": 5,
    "num_paradigms_to_generate": 2,
    "improvement_history": [
      0.0,
      1.0,
      0.0,
      0.0,
      0.0
    ],
    "active_paradigms": [],
    "paradigm_usage_counts": {},
    "current_paradigm_index": 0,
    "tried_paradigms": [],
    "best_score_at_paradigm_gen": 0.0,
    "best_score_during_paradigm": 0.0
  }
}