{
  "num_islands": 2,
  "current_island": 0,
  "iteration_count": 50,
  "global_best_score": 1.0,
  "decay": 0.9,
  "intensity_min": 0.15,
  "intensity_max": 0.5,
  "migration_interval": 10,
  "diversity_strategy_type": "code",
  "use_unified_archive": true,
  "use_adaptive_search": true,
  "use_ucb_selection": true,
  "fixed_intensity": 0.4,
  "adapter": {
    "states": [
      {
        "accumulated_signal": 0.1776834185422042,
        "best_score": 1.0,
        "improvement_count": 8,
        "total_evaluations": 24,
        "decay": 0.9,
        "epsilon": 1e-08,
        "intensity_min": 0.15,
        "intensity_max": 0.5
      },
      {
        "accumulated_signal": 0.22445004507357716,
        "best_score": 1.0,
        "improvement_count": 6,
        "total_evaluations": 22,
        "decay": 0.9,
        "epsilon": 1e-08,
        "intensity_min": 0.15,
        "intensity_max": 0.5
      }
    ],
    "dimension_visits": [
      24,
      22
    ],
    "dimension_rewards": [
      0.5097972118158318,
      0.3999982832861858
    ],
    "decayed_visits": [
      9.202335569231277,
      9.01522909781639
    ],
    "global_best_score": 1.0,
    "ucb_exploration": 1.41,
    "min_visits": 3,
    "decay": 0.9,
    "epsilon": 1e-08
  },
  "island_config_names": [
    "balanced",
    "balanced"
  ],
  "islands": [
    [
      "20074a90-145f-480c-844c-d9a7c426f416",
      "3bfef7ee-82dc-44b3-abbf-8e3b1d49cab3",
      "9dfb0733-0105-466d-91df-4a701646e565",
      "d4d1feba-88df-41e4-a116-a3d8bb12df20",
      "9f87279d-0f5a-44ba-af22-187a5f0ff21d",
      "bff041b1-bca0-44f1-ac90-a3f273ae2606",
      "3d3a0ce1-7aff-458d-8202-6da3fc106f10",
      "2cdc7673-f8ff-4550-bb11-6b40bf1a43ed",
      "7f7e199d-899f-4e29-af13-776b60fdb762",
      "caccae0d-9bae-4649-8802-38c8a2894c55"
    ],
    [
      "3d67b221-e380-46e9-bded-b650ffc28b85",
      "49ff5735-0ca6-4bd4-a85c-14337b8e5fcc",
      "5330655a-1d4c-48cd-8707-aa708f497d9e",
      "c4114072-2caa-483f-8d2e-1a40a5e5b1e4",
      "5fb964c6-4178-4a9c-ac90-3b7ae222bca1",
      "eee2133f-1491-413b-8bb2-76de29199f33",
      "6cd71a44-0bfb-4834-9545-c3f1418cf5af",
      "17cc877b-7d28-47e6-800c-df43ded07d2a",
      "1d3c1376-5db6-4dfc-9f03-38796cf5b367",
      "e2207442-5295-4586-a1e1-abd30ae02bfd"
    ]
  ],
  "archive_genealogies": [
    {
      "parents": {
        "20074a90-145f-480c-844c-d9a7c426f416": [
          "e277de4c-bd63-4053-af04-2db51ebbf3ff"
        ],
        "3bfef7ee-82dc-44b3-abbf-8e3b1d49cab3": [
          "9235c0b3-c3bf-4d3b-9011-2160d29f487c"
        ],
        "9dfb0733-0105-466d-91df-4a701646e565": [
          "3bfef7ee-82dc-44b3-abbf-8e3b1d49cab3"
        ],
        "d4d1feba-88df-41e4-a116-a3d8bb12df20": [
          "10ed248b-c224-49cc-8e89-00ac088f1890"
        ],
        "9f87279d-0f5a-44ba-af22-187a5f0ff21d": [
          "f04c3a9e-146a-45f8-ae2c-e32b50531e5f"
        ],
        "bff041b1-bca0-44f1-ac90-a3f273ae2606": [
          "5fb964c6-4178-4a9c-ac90-3b7ae222bca1"
        ],
        "3d3a0ce1-7aff-458d-8202-6da3fc106f10": [
          "5fb964c6-4178-4a9c-ac90-3b7ae222bca1"
        ],
        "2cdc7673-f8ff-4550-bb11-6b40bf1a43ed": [
          "5fb964c6-4178-4a9c-ac90-3b7ae222bca1"
        ],
        "7f7e199d-899f-4e29-af13-776b60fdb762": [
          "5fb964c6-4178-4a9c-ac90-3b7ae222bca1"
        ],
        "caccae0d-9bae-4649-8802-38c8a2894c55": [
          "6cd71a44-0bfb-4834-9545-c3f1418cf5af"
        ]
      },
      "children": {
        "3bfef7ee-82dc-44b3-abbf-8e3b1d49cab3": [
          "9dfb0733-0105-466d-91df-4a701646e565"
        ],
        "f04c3a9e-146a-45f8-ae2c-e32b50531e5f": [
          "9f87279d-0f5a-44ba-af22-187a5f0ff21d"
        ],
        "5fb964c6-4178-4a9c-ac90-3b7ae222bca1": [
          "bff041b1-bca0-44f1-ac90-a3f273ae2606",
          "3d3a0ce1-7aff-458d-8202-6da3fc106f10",
          "2cdc7673-f8ff-4550-bb11-6b40bf1a43ed",
          "7f7e199d-899f-4e29-af13-776b60fdb762"
        ],
        "6cd71a44-0bfb-4834-9545-c3f1418cf5af": [
          "caccae0d-9bae-4649-8802-38c8a2894c55"
        ]
      }
    },
    {
      "parents": {
        "3d67b221-e380-46e9-bded-b650ffc28b85": [],
        "49ff5735-0ca6-4bd4-a85c-14337b8e5fcc": [
          "f7c5fe3c-e5f2-4247-8c08-6303f6aad86c"
        ],
        "5330655a-1d4c-48cd-8707-aa708f497d9e": [
          "3bfef7ee-82dc-44b3-abbf-8e3b1d49cab3"
        ],
        "c4114072-2caa-483f-8d2e-1a40a5e5b1e4": [
          "20074a90-145f-480c-844c-d9a7c426f416"
        ],
        "5fb964c6-4178-4a9c-ac90-3b7ae222bca1": [
          "429eb670-02f1-4065-9076-ed826f5e9bf4"
        ],
        "eee2133f-1491-413b-8bb2-76de29199f33": [
          "429eb670-02f1-4065-9076-ed826f5e9bf4"
        ],
        "6cd71a44-0bfb-4834-9545-c3f1418cf5af": [
          "5fb964c6-4178-4a9c-ac90-3b7ae222bca1"
        ],
        "17cc877b-7d28-47e6-800c-df43ded07d2a": [
          "5fb964c6-4178-4a9c-ac90-3b7ae222bca1"
        ],
        "1d3c1376-5db6-4dfc-9f03-38796cf5b367": [
          "5fb964c6-4178-4a9c-ac90-3b7ae222bca1"
        ],
        "e2207442-5295-4586-a1e1-abd30ae02bfd": [
          "3d3a0ce1-7aff-458d-8202-6da3fc106f10"
        ]
      },
      "children": {
        "3bfef7ee-82dc-44b3-abbf-8e3b1d49cab3": [
          "5330655a-1d4c-48cd-8707-aa708f497d9e"
        ],
        "20074a90-145f-480c-844c-d9a7c426f416": [
          "c4114072-2caa-483f-8d2e-1a40a5e5b1e4"
        ],
        "5fb964c6-4178-4a9c-ac90-3b7ae222bca1": [
          "6cd71a44-0bfb-4834-9545-c3f1418cf5af",
          "17cc877b-7d28-47e6-800c-df43ded07d2a",
          "1d3c1376-5db6-4dfc-9f03-38796cf5b367"
        ],
        "3d3a0ce1-7aff-458d-8202-6da3fc106f10": [
          "e2207442-5295-4586-a1e1-abd30ae02bfd"
        ]
      }
    }
  ],
  "use_paradigm_breakthrough": true,
  "paradigm_tracker": {
    "window_size": 5,
    "improvement_threshold": 0.02,
    "max_paradigm_uses": 2,
    "max_tried_paradigms": 20,
    "num_paradigms_to_generate": 2,
    "improvement_history": [
      0.0,
      0.0,
      0.0,
      0.0,
      0.0
    ],
    "active_paradigms": [
      {
        "idea": "Leverage Coq's intuition and firstorder tactics for logical simplification",
        "description": "Instead of manual destructs, intros, and splits, use the `intuition` and `firstorder` tactics to automatically break down logical connectives (AND, OR, implications) in the context and goal. This simplifies the proof state significantly, leaving only the core arithmetic or structural inequalities to be solved by domain-specific tactics. This approach reduces proof length, avoids manual hypothesis naming, and makes the scripts more robust to minor changes in the function definitions.",
        "what_to_optimize": "code_length and proof robustness",
        "cautions": "Do not overuse `firstorder` on very large contexts as it can be slow; ensure it is combined with `simpl` and `unfold` before applying to expose the logical structure.",
        "approach_type": "coq.tactics.intuition"
      },
      {
        "idea": "Utilize Coq's abstract data types for finite maps (FMapAVL)",
        "description": "Refactor the tree representation and proofs to interface with Coq's built-in `FMapAVL` or `FMapWeakList` instead of a custom inductive tree. By mapping the problem to the standard library's finite map interface, we can directly inherit the correctness proofs for insertion, lookup, and BST invariants. This shifts the synthesis burden from proving low-level tree operations step-by-step to simply instantiating the correct functors and applying existing standard library lemmas.",
        "what_to_optimize": "combined_score and code_reuse",
        "cautions": "Requires importing `Coq.FSets.FMapAVL` and properly defining the ordered type module for keys; ensure the evaluator permits modifying the base tree definition if taking this route.",
        "approach_type": "coq.structures.fmap"
      }
    ],
    "paradigm_usage_counts": {
      "0": 2,
      "1": 1
    },
    "current_paradigm_index": 1,