{
  "num_islands": 2,
  "current_island": 0,
  "iteration_count": 19,
  "global_best_score": 0.8,
  "decay": 0.9,
  "intensity_min": 0.15,
  "intensity_max": 0.5,
  "migration_interval": 10,
  "diversity_strategy_type": "code",
  "use_unified_archive": true,
  "use_adaptive_search": true,
  "use_ucb_selection": true,
  "fixed_intensity": 0.4,
  "adapter": {
    "states": [
      {
        "accumulated_signal": 0.2395744958897491,
        "best_score": 0.75,
        "improvement_count": 6,
        "total_evaluations": 11,
        "decay": 0.9,
        "epsilon": 1e-08,
        "intensity_min": 0.15,
        "intensity_max": 0.5
      },
      {
        "accumulated_signal": 0.24244449469980794,
        "best_score": 0.8,
        "improvement_count": 5,
        "total_evaluations": 9,
        "decay": 0.9,
        "epsilon": 1e-08,
        "intensity_min": 0.15,
        "intensity_max": 0.5
      }
    ],
    "dimension_visits": [
      11,
      9
    ],
    "dimension_rewards": [
      1.7696627245430543,
      1.2958626548163108
    ],
    "decayed_visits": [
      6.861894039100001,
      6.12579511
    ],
    "global_best_score": 0.8,
    "ucb_exploration": 1.41,
    "min_visits": 3,
    "decay": 0.9,
    "epsilon": 1e-08
  },
  "island_config_names": [
    "balanced",
    "balanced"
  ],
  "islands": [
    [
      "f1921b49-ee46-4ad0-829d-b092acb2f05a",
      "e277de4c-bd63-4053-af04-2db51ebbf3ff",
      "20074a90-145f-480c-844c-d9a7c426f416",
      "9235c0b3-c3bf-4d3b-9011-2160d29f487c",
      "3bfef7ee-82dc-44b3-abbf-8e3b1d49cab3",
      "2910a15a-d629-4888-a2a5-410ac790aac9",
      "b8b70449-5d08-4285-85f5-5e63643e7bea",
      "9dfb0733-0105-466d-91df-4a701646e565",
      "29b2f81c-8aef-46b9-8ac4-d4b93a46434b",
      "02756e99-f0b1-4137-be5d-85072fd5d743"
    ],
    [
      "3d67b221-e380-46e9-bded-b650ffc28b85",
      "f7c5fe3c-e5f2-4247-8c08-6303f6aad86c",
      "49ff5735-0ca6-4bd4-a85c-14337b8e5fcc",
      "fbd70cea-818f-42b7-b714-2e505bf39111",
      "647c7883-78fc-4303-ba02-7d183ca90584",
      "5330655a-1d4c-48cd-8707-aa708f497d9e",
      "c4114072-2caa-483f-8d2e-1a40a5e5b1e4",
      "fd21b10a-b835-47a3-b6af-7e44675066d1",
      "429eb670-02f1-4065-9076-ed826f5e9bf4",
      "13f7d7df-7192-421f-b998-e44691538b38"
    ]
  ],
  "archive_genealogies": [
    {
      "parents": {
        "f1921b49-ee46-4ad0-829d-b092acb2f05a": [],
        "e277de4c-bd63-4053-af04-2db51ebbf3ff": [
          "f1921b49-ee46-4ad0-829d-b092acb2f05a"
        ],
        "20074a90-145f-480c-844c-d9a7c426f416": [
          "e277de4c-bd63-4053-af04-2db51ebbf3ff"
        ],
        "9235c0b3-c3bf-4d3b-9011-2160d29f487c": [
          "20074a90-145f-480c-844c-d9a7c426f416"
        ],
        "3bfef7ee-82dc-44b3-abbf-8e3b1d49cab3": [
          "9235c0b3-c3bf-4d3b-9011-2160d29f487c"
        ],
        "2910a15a-d629-4888-a2a5-410ac790aac9": [
          "3bfef7ee-82dc-44b3-abbf-8e3b1d49cab3"
        ],
        "b8b70449-5d08-4285-85f5-5e63643e7bea": [
          "f226e3ea-c94a-4fb1-847a-e739d6816dff"
        ],
        "9dfb0733-0105-466d-91df-4a701646e565": [
          "3bfef7ee-82dc-44b3-abbf-8e3b1d49cab3"
        ],
        "29b2f81c-8aef-46b9-8ac4-d4b93a46434b": [
          "e277de4c-bd63-4053-af04-2db51ebbf3ff"
        ],
        "02756e99-f0b1-4137-be5d-85072fd5d743": [
          "9dfb0733-0105-466d-91df-4a701646e565"
        ]
      },
      "children": {
        "f1921b49-ee46-4ad0-829d-b092acb2f05a": [
          "e277de4c-bd63-4053-af04-2db51ebbf3ff"
        ],
        "e277de4c-bd63-4053-af04-2db51ebbf3ff": [
          "20074a90-145f-480c-844c-d9a7c426f416",
          "29b2f81c-8aef-46b9-8ac4-d4b93a46434b"
        ],
        "20074a90-145f-480c-844c-d9a7c426f416": [
          "9235c0b3-c3bf-4d3b-9011-2160d29f487c"
        ],
        "9235c0b3-c3bf-4d3b-9011-2160d29f487c": [
          "3bfef7ee-82dc-44b3-abbf-8e3b1d49cab3"
        ],
        "3bfef7ee-82dc-44b3-abbf-8e3b1d49cab3": [
          "2910a15a-d629-4888-a2a5-410ac790aac9",
          "9dfb0733-0105-466d-91df-4a701646e565"
        ],
        "f226e3ea-c94a-4fb1-847a-e739d6816dff": [
          "b8b70449-5d08-4285-85f5-5e63643e7bea"
        ],
        "9dfb0733-0105-466d-91df-4a701646e565": [
          "02756e99-f0b1-4137-be5d-85072fd5d743"
        ]
      }
    },
    {
      "parents": {
        "3d67b221-e380-46e9-bded-b650ffc28b85": [],
        "f7c5fe3c-e5f2-4247-8c08-6303f6aad86c": [
          "3d67b221-e380-46e9-bded-b650ffc28b85"
        ],
        "49ff5735-0ca6-4bd4-a85c-14337b8e5fcc": [
          "f7c5fe3c-e5f2-4247-8c08-6303f6aad86c"
        ],
        "fbd70cea-818f-42b7-b714-2e505bf39111": [
          "49ff5735-0ca6-4bd4-a85c-14337b8e5fcc"
        ],
        "647c7883-78fc-4303-ba02-7d183ca90584": [
          "49ff5735-0ca6-4bd4-a85c-14337b8e5fcc"
        ],
        "5330655a-1d4c-48cd-8707-aa708f497d9e": [
          "3bfef7ee-82dc-44b3-abbf-8e3b1d49cab3"
        ],
        "c4114072-2caa-483f-8d2e-1a40a5e5b1e4": [
          "20074a90-145f-480c-844c-d9a7c426f416"
        ],
        "fd21b10a-b835-47a3-b6af-7e44675066d1": [
          "d7ea211e-03ed-4293-9803-acc7a6d3ed72"
        ],
        "429eb670-02f1-4065-9076-ed826f5e9bf4": [
          "fd21b10a-b835-47a3-b6af-7e44675066d1"
        ],
        "13f7d7df-7192-421f-b998-e44691538b38": [
          "fd21b10a-b835-47a3-b6af-7e44675066d1"
        ]
      },
      "children": {
        "3d67b221-e380-46e9-bded-b650ffc28b85": [
          "f7c5fe3c-e5f2-4247-8c08-6303f6aad86c"
        ],
        "f7c5fe3c-e5f2-4247-8c08-6303f6aad86c": [
          "49ff5735-0ca6-4bd4-a85c-14337b8e5fcc"
        ],
        "49ff5735-0ca6-4bd4-a85c-14337b8e5fcc": [
          "fbd70cea-818f-42b7-b714-2e505bf39111",
          "647c7883-78fc-4303-ba02-7d183ca90584"
        ],
        "3bfef7ee-82dc-44b3-abbf-8e3b1d49cab3": [
          "5330655a-1d4c-48cd-8707-aa708f497d9e"
        ],
        "20074a90-145f-480c-844c-d9a7c426f416": [
          "c4114072-2caa-483f-8d2e-1a40a5e5b1e4"
        ],
        "fd21b10a-b835-47a3-b6af-7e44675066d1": [
          "429eb670-02f1-4065-9076-ed826f5e9bf4",
          "13f7d7df-7192-421f-b998-e44691538b38"
        ]
      }
    }
  ],
  "use_paradigm_breakthrough": true,
  "paradigm_tracker": {
    "window_size": 5,
    "improvement_threshold": 0.02,
    "max_paradigm_uses": 2,
    "max_tried_paradigms": 20,
    "num_paradigms_to_generate": 2,
    "improvement_history": [
      0.0,
      1.0,
      0.0,
      0.0,
      0.0
    ],
    "active_paradigms": [],
    "paradigm_usage_counts": {},
    "current_paradigm_index": 0,
    "tried_paradigms": [],
    "best_score_at_paradigm_gen": 0.0,
    "best_score_during_paradigm": 0.0
  }
}