{
  "num_islands": 2,
  "current_island": 0,
  "iteration_count": 30,
  "global_best_score": 1.0,
  "decay": 0.9,
  "intensity_min": 0.15,
  "intensity_max": 0.5,
  "migration_interval": 10,
  "diversity_strategy_type": "code",
  "use_unified_archive": true,
  "use_adaptive_search": true,
  "use_ucb_selection": true,
  "fixed_intensity": 0.4,
  "adapter": {
    "states": [
      {
        "accumulated_signal": 0.18999999999999995,
        "best_score": 1.0,
        "improvement_count": 2,
        "total_evaluations": 17,
        "decay": 0.9,
        "epsilon": 1e-08,
        "intensity_min": 0.15,
        "intensity_max": 0.5
      },
      {
        "accumulated_signal": 0.18999999999999995,
        "best_score": 1.0,
        "improvement_count": 1,
        "total_evaluations": 15,
        "decay": 0.9,
        "epsilon": 1e-08,
        "intensity_min": 0.15,
        "intensity_max": 0.5
      }
    ],
    "dimension_visits": [
      17,
      15
    ],
    "dimension_rewards": [
      0.3911931509798332,
      0.22876792226193088
    ],
    "decayed_visits": [
      8.332281830033345,
      7.94108867905351
    ],
    "global_best_score": 1.0,
    "ucb_exploration": 1.41,
    "min_visits": 3,
    "decay": 0.9,
    "epsilon": 1e-08
  },
  "island_config_names": [
    "balanced",
    "balanced"
  ],
  "islands": [
    [
      "d198b48a-60cd-41f2-9cbc-6de2a42f85eb",
      "e8f85ae1-5dab-4123-8150-bdf8eca08ceb",
      "f40694bf-2cee-4675-86dc-a38fd1d03b13",
      "8a5fea67-fb26-4349-9de5-0435ae1abfb6",
      "7361665f-3193-4057-8fa6-3d3214ace1a9",
      "a4ca3dfa-675f-4acc-8451-7f7641143162",
      "d4809a66-dd34-4475-a339-d37af1a0818e",
      "af8f7f7e-9534-4c33-b8f2-295bfbe7d068",
      "f176e1ea-b0cc-4792-a2dd-e720c39a229d",
      "b2b3cf6e-6cf5-414b-97a9-044b0713eb63"
    ],
    [
      "0c06749d-6376-4218-a6a3-22849f21c361",
      "c30444f9-a442-4947-8a5a-1c96fae72f0c",
      "f998519b-387a-4615-96be-18450284f2ef",
      "7e351ded-692f-4cc0-8948-a627aa311625",
      "368c72b9-ac6c-47a5-a0ab-00766fb605cd",
      "68311481-fead-4b9b-89e9-7921780b1241",
      "59fd6680-6c7f-44a4-8ae9-439a03c3fa40",
      "f2278653-0a1f-493a-8353-3e09e9eb2d15",
      "22e67201-367c-4acc-af42-95000197e115",
      "812788a9-93fa-4d52-83e0-7327a1bb98f3"
    ]
  ],
  "archive_genealogies": [
    {
      "parents": {
        "d198b48a-60cd-41f2-9cbc-6de2a42f85eb": [],
        "e8f85ae1-5dab-4123-8150-bdf8eca08ceb": [
          "d198b48a-60cd-41f2-9cbc-6de2a42f85eb"
        ],
        "f40694bf-2cee-4675-86dc-a38fd1d03b13": [
          "e8f85ae1-5dab-4123-8150-bdf8eca08ceb"
        ],
        "8a5fea67-fb26-4349-9de5-0435ae1abfb6": [
          "d198b48a-60cd-41f2-9cbc-6de2a42f85eb"
        ],
        "7361665f-3193-4057-8fa6-3d3214ace1a9": [
          "e8f85ae1-5dab-4123-8150-bdf8eca08ceb"
        ],
        "a4ca3dfa-675f-4acc-8451-7f7641143162": [
          "c30444f9-a442-4947-8a5a-1c96fae72f0c"
        ],
        "d4809a66-dd34-4475-a339-d37af1a0818e": [
          "e8f85ae1-5dab-4123-8150-bdf8eca08ceb"
        ],
        "af8f7f7e-9534-4c33-b8f2-295bfbe7d068": [
          "e8f85ae1-5dab-4123-8150-bdf8eca08ceb"
        ],
        "f176e1ea-b0cc-4792-a2dd-e720c39a229d": [
          "e8f85ae1-5dab-4123-8150-bdf8eca08ceb"
        ],
        "b2b3cf6e-6cf5-414b-97a9-044b0713eb63": [
          "7e351ded-692f-4cc0-8948-a627aa311625"
        ]
      },
      "children": {
        "d198b48a-60cd-41f2-9cbc-6de2a42f85eb": [
          "e8f85ae1-5dab-4123-8150-bdf8eca08ceb",
          "8a5fea67-fb26-4349-9de5-0435ae1abfb6"
        ],
        "e8f85ae1-5dab-4123-8150-bdf8eca08ceb": [
          "f40694bf-2cee-4675-86dc-a38fd1d03b13",
          "7361665f-3193-4057-8fa6-3d3214ace1a9",
          "d4809a66-dd34-4475-a339-d37af1a0818e",
          "af8f7f7e-9534-4c33-b8f2-295bfbe7d068",
          "f176e1ea-b0cc-4792-a2dd-e720c39a229d"
        ],
        "c30444f9-a442-4947-8a5a-1c96fae72f0c": [
          "a4ca3dfa-675f-4acc-8451-7f7641143162"
        ],
        "7e351ded-692f-4cc0-8948-a627aa311625": [
          "b2b3cf6e-6cf5-414b-97a9-044b0713eb63"
        ]
      }
    },
    {
      "parents": {
        "0c06749d-6376-4218-a6a3-22849f21c361": [],
        "c30444f9-a442-4947-8a5a-1c96fae72f0c": [
          "0c06749d-6376-4218-a6a3-22849f21c361"
        ],
        "f998519b-387a-4615-96be-18450284f2ef": [
          "c30444f9-a442-4947-8a5a-1c96fae72f0c"
        ],
        "7e351ded-692f-4cc0-8948-a627aa311625": [
          "c30444f9-a442-4947-8a5a-1c96fae72f0c"
        ],
        "368c72b9-ac6c-47a5-a0ab-00766fb605cd": [
          "e8f85ae1-5dab-4123-8150-bdf8eca08ceb"
        ],
        "68311481-fead-4b9b-89e9-7921780b1241": [
          "e8f85ae1-5dab-4123-8150-bdf8eca08ceb"
        ],
        "59fd6680-6c7f-44a4-8ae9-439a03c3fa40": [
          "e8f85ae1-5dab-4123-8150-bdf8eca08ceb"
        ],
        "f2278653-0a1f-493a-8353-3e09e9eb2d15": [
          "e8f85ae1-5dab-4123-8150-bdf8eca08ceb"
        ],
        "22e67201-367c-4acc-af42-95000197e115": [
          "e8f85ae1-5dab-4123-8150-bdf8eca08ceb"
        ],
        "812788a9-93fa-4d52-83e0-7327a1bb98f3": [
          "f40694bf-2cee-4675-86dc-a38fd1d03b13"
        ]
      },
      "children": {
        "0c06749d-6376-4218-a6a3-22849f21c361": [
          "c30444f9-a442-4947-8a5a-1c96fae72f0c"
        ],
        "c30444f9-a442-4947-8a5a-1c96fae72f0c": [
          "f998519b-387a-4615-96be-18450284f2ef",
          "7e351ded-692f-4cc0-8948-a627aa311625"
        ],
        "e8f85ae1-5dab-4123-8150-bdf8eca08ceb": [
          "368c72b9-ac6c-47a5-a0ab-00766fb605cd",
          "68311481-fead-4b9b-89e9-7921780b1241",
          "59fd6680-6c7f-44a4-8ae9-439a03c3fa40",
          "f2278653-0a1f-493a-8353-3e09e9eb2d15",
          "22e67201-367c-4acc-af42-95000197e115"
        ],
        "f40694bf-2cee-4675-86dc-a38fd1d03b13": [
          "812788a9-93fa-4d52-83e0-7327a1bb98f3"
        ]
      }
    }
  ],
  "use_paradigm_breakthrough": true,
  "paradigm_tracker": {
    "window_size": 5,
    "improvement_threshold": 0.02,
    "max_paradigm_uses": 2,
    "max_tried_paradigms": 5,
    "num_paradigms_to_generate": 2,
    "improvement_history": [
      0.0,
      0.0,
      0.0,
      0.0,
      0.0
    ],
    "active_paradigms": [
      {
        "idea": "Template selection via string similarity using difflib.get_close_matches",
        "description": "Maintain a small library of proven Coq templates/snippets (both code skeletons and proof scripts) keyed by short textual cues extracted from goals and surrounding context. For each selected todo or Admitted proof, build a concise context string (e.g., head symbol of the goal, available hypotheses, and nearby comments). Use difflib.get_close_matches to retrieve the top-k closest templates by textual similarity to that context. Insert the best-matching template directly, then minimally adapt only identifiers (e.g., variable names) deterministically. This allows one-step insertions that are syntactically and proof-pattern aligned, reducing compile failures and increasing Qed completions. Because the call returns ranked candidates, you can pick the first match or probabilistically sample among top matches to balance exploitation and exploration. This is a single-function decision core that avoids brittle regex logic and does not require external compilers for selection.",
        "what_to_optimize": "combined_score",
        "cautions": "Ensure the context string is stable and concise to avoid noise; set a sensible cutoff to avoid very weak matches; guard against variable capture by consistent renaming; keep the template library curated and deduplicated; handle the case of no matches by falling back to a safe minimal skeleton.",
        "approach_type": "difflib.get_close_matches"
      },
      {
        "idea": "Batch assignment of candidate fixes to multiple obligations using scipy.optimize.linear_sum_assignment",