{
  "num_islands": 2,
  "current_island": 0,
  "iteration_count": 29,
  "global_best_score": 1.0,
  "decay": 0.9,
  "intensity_min": 0.15,
  "intensity_max": 0.5,
  "migration_interval": 10,
  "diversity_strategy_type": "code",
  "use_unified_archive": true,
  "use_adaptive_search": true,
  "use_ucb_selection": true,
  "fixed_intensity": 0.4,
  "adapter": {
    "states": [
      {
        "accumulated_signal": 0.2763999946500001,
        "best_score": 1.0,
        "improvement_count": 4,
        "total_evaluations": 14,
        "decay": 0.9,
        "epsilon": 1e-08,
        "intensity_min": 0.15,
        "intensity_max": 0.5
      },
      {
        "accumulated_signal": 0.2763999946500001,
        "best_score": 1.0,
        "improvement_count": 3,
        "total_evaluations": 14,
        "decay": 0.9,
        "epsilon": 1e-08,
        "intensity_min": 0.15,
        "intensity_max": 0.5
      }
    ],
    "dimension_visits": [
      14,
      14
    ],
    "dimension_rewards": [
      0.8164198030158635,
      0.7092119290251482
    ],
    "decayed_visits": [
      7.7123207545039,
      7.7123207545039
    ],
    "global_best_score": 1.0,
    "ucb_exploration": 1.41,
    "min_visits": 3,
    "decay": 0.9,
    "epsilon": 1e-08
  },
  "island_config_names": [
    "balanced",
    "balanced"
  ],
  "islands": [
    [
      "99c7e514-fcca-4ce4-a20a-d9501d168110",
      "9e4fca24-49cd-4b1b-91ae-0c0dcdce3d3b",
      "f1dc47f2-e63f-4896-98fa-933af06db7d5",
      "754b5d4b-19f0-47a8-aa04-82b34ba412d0",
      "cd42aea5-bc9a-4d19-a750-77cfbc430d56",
      "2be7aa4e-30b2-411f-9b65-0c771a350e68",
      "d00ab91f-0937-4ee2-b4a5-cf0b8e44f732",
      "9ca42e2a-4216-4de1-ab3d-184e9ea90668",
      "bb249eb1-e196-4f1e-a4d1-50f462bc4553",
      "752089a9-d707-4ce4-bbb8-5c9aea0cd1eb"
    ],
    [
      "31814979-fa1f-4c12-8f33-28a66eb1aa9f",
      "7b4be5be-dd9d-4452-b8ff-3c62e54e767b",
      "4fe38d7a-ba7c-4fac-9c1b-9c06e72717f4",
      "13d108aa-645d-412e-983c-d6abe7e0f6f1",
      "f35b3ea2-118f-4799-af27-62cde341eb07",
      "4cb5292f-0433-42f9-99e6-1098ffefa5d0",
      "326e35e1-d2f3-4998-86db-ae0174b05c73",
      "063cdd1e-4823-4efa-a9f8-a3d4678da3d7",
      "2d33c927-5212-4238-8097-d6b9cdee10b7",
      "ca1507dc-661b-4a78-9493-3f7364b86b84"
    ]
  ],
  "archive_genealogies": [
    {
      "parents": {
        "99c7e514-fcca-4ce4-a20a-d9501d168110": [],
        "9e4fca24-49cd-4b1b-91ae-0c0dcdce3d3b": [
          "99c7e514-fcca-4ce4-a20a-d9501d168110"
        ],
        "f1dc47f2-e63f-4896-98fa-933af06db7d5": [
          "99c7e514-fcca-4ce4-a20a-d9501d168110"
        ],
        "754b5d4b-19f0-47a8-aa04-82b34ba412d0": [
          "f1dc47f2-e63f-4896-98fa-933af06db7d5"
        ],
        "cd42aea5-bc9a-4d19-a750-77cfbc430d56": [
          "9e4fca24-49cd-4b1b-91ae-0c0dcdce3d3b"
        ],
        "2be7aa4e-30b2-411f-9b65-0c771a350e68": [
          "4fe38d7a-ba7c-4fac-9c1b-9c06e72717f4"
        ],
        "d00ab91f-0937-4ee2-b4a5-cf0b8e44f732": [
          "f35b3ea2-118f-4799-af27-62cde341eb07"
        ],
        "9ca42e2a-4216-4de1-ab3d-184e9ea90668": [
          "4fe38d7a-ba7c-4fac-9c1b-9c06e72717f4"
        ],
        "bb249eb1-e196-4f1e-a4d1-50f462bc4553": [
          "4fe38d7a-ba7c-4fac-9c1b-9c06e72717f4"
        ],
        "752089a9-d707-4ce4-bbb8-5c9aea0cd1eb": [
          "4fe38d7a-ba7c-4fac-9c1b-9c06e72717f4"
        ]
      },
      "children": {
        "99c7e514-fcca-4ce4-a20a-d9501d168110": [
          "9e4fca24-49cd-4b1b-91ae-0c0dcdce3d3b",
          "f1dc47f2-e63f-4896-98fa-933af06db7d5"
        ],
        "f1dc47f2-e63f-4896-98fa-933af06db7d5": [
          "754b5d4b-19f0-47a8-aa04-82b34ba412d0"
        ],
        "9e4fca24-49cd-4b1b-91ae-0c0dcdce3d3b": [
          "cd42aea5-bc9a-4d19-a750-77cfbc430d56"
        ],
        "4fe38d7a-ba7c-4fac-9c1b-9c06e72717f4": [
          "2be7aa4e-30b2-411f-9b65-0c771a350e68",
          "9ca42e2a-4216-4de1-ab3d-184e9ea90668",
          "bb249eb1-e196-4f1e-a4d1-50f462bc4553",
          "752089a9-d707-4ce4-bbb8-5c9aea0cd1eb"
        ],
        "f35b3ea2-118f-4799-af27-62cde341eb07": [
          "d00ab91f-0937-4ee2-b4a5-cf0b8e44f732"
        ]
      }
    },
    {
      "parents": {
        "31814979-fa1f-4c12-8f33-28a66eb1aa9f": [],
        "7b4be5be-dd9d-4452-b8ff-3c62e54e767b": [
          "31814979-fa1f-4c12-8f33-28a66eb1aa9f"
        ],
        "4fe38d7a-ba7c-4fac-9c1b-9c06e72717f4": [
          "e400ef62-a719-4afb-91e6-08830c3b15ca"
        ],
        "13d108aa-645d-412e-983c-d6abe7e0f6f1": [
          "7b4be5be-dd9d-4452-b8ff-3c62e54e767b"
        ],
        "f35b3ea2-118f-4799-af27-62cde341eb07": [
          "4fe38d7a-ba7c-4fac-9c1b-9c06e72717f4"
        ],
        "4cb5292f-0433-42f9-99e6-1098ffefa5d0": [
          "cd42aea5-bc9a-4d19-a750-77cfbc430d56"
        ],
        "326e35e1-d2f3-4998-86db-ae0174b05c73": [
          "754b5d4b-19f0-47a8-aa04-82b34ba412d0"
        ],
        "063cdd1e-4823-4efa-a9f8-a3d4678da3d7": [
          "4fe38d7a-ba7c-4fac-9c1b-9c06e72717f4"
        ],
        "2d33c927-5212-4238-8097-d6b9cdee10b7": [
          "4fe38d7a-ba7c-4fac-9c1b-9c06e72717f4"
        ],
        "ca1507dc-661b-4a78-9493-3f7364b86b84": [
          "4fe38d7a-ba7c-4fac-9c1b-9c06e72717f4"
        ]
      },
      "children": {
        "31814979-fa1f-4c12-8f33-28a66eb1aa9f": [
          "7b4be5be-dd9d-4452-b8ff-3c62e54e767b"
        ],
        "7b4be5be-dd9d-4452-b8ff-3c62e54e767b": [
          "13d108aa-645d-412e-983c-d6abe7e0f6f1"
        ],
        "4fe38d7a-ba7c-4fac-9c1b-9c06e72717f4": [
          "f35b3ea2-118f-4799-af27-62cde341eb07",
          "063cdd1e-4823-4efa-a9f8-a3d4678da3d7",
          "2d33c927-5212-4238-8097-d6b9cdee10b7",
          "ca1507dc-661b-4a78-9493-3f7364b86b84"
        ],
        "cd42aea5-bc9a-4d19-a750-77cfbc430d56": [
          "4cb5292f-0433-42f9-99e6-1098ffefa5d0"
        ],
        "754b5d4b-19f0-47a8-aa04-82b34ba412d0": [
          "326e35e1-d2f3-4998-86db-ae0174b05c73"
        ]
      }
    }
  ],
  "use_paradigm_breakthrough": true,
  "paradigm_tracker": {
    "window_size": 5,
    "improvement_threshold": 0.02,
    "max_paradigm_uses": 2,
    "max_tried_paradigms": 5,
    "num_paradigms_to_generate": 2,
    "improvement_history": [
      0.0,
      0.0,
      0.0,
      0.0,
      0.0
    ],
    "active_paradigms": [
      {
        "idea": "Use Coq.Sorting.Permutation to establish length bounds",
        "description": "Leverage the Coq.Sorting.Permutation library to prove the pigeonhole principle. If a list l1 has no repeats, it can be shown to be a sub-permutation of l2 given the inclusion property. The Permutation library provides built-in theorems relating permutations to list lengths, allowing us to deduce length l1 <= length l2 directly. This contradicts the hypothesis length l2 < length l1, thereby proving that l1 must contain repeats. This approach abstracts away the manual list splitting into higher-level permutation concepts.",
        "what_to_optimize": "code_length and proof modularity",
        "cautions": "Ensure that the excluded_middle axiom is properly used to simulate decidable equality, which is often required for sub-permutation lemmas.",
        "approach_type": "Coq.Sorting.Permutation"
      },
      {
        "idea": "Use List.remove and induction on list length",
        "description": "Structure the proof by contradiction: assume the list has no repeats (NoDup) and prove length l1 <= length l2. In the inductive step for l1 = x :: xs, since x is in l2, use a list removal function (like List.remove or a custom split-and-remove) to create l2' with length l2 - 1. Show that xs is included in l2' and apply the induction hypothesis. This decouples the list structural manipulation from the logical contradiction, making the base cases and inductive steps much cleaner and easier for automated tactics like lia to solve.",
        "what_to_optimize": "proof structure and tactic automation",