{
  "id": "3352bd54-0be8-4bfe-b835-b1c8c6bc52cd",
  "generation": 2,
  "iteration": 4,
  "current_iteration": 5,
  "metrics": {
    "combined_score": 0.3333333333333333,
    "compiles": 1.0,
    "qed_count": 4.0,
    "admitted_count": 8.0,
    "todo_count": 0.0,
    "code_length": 137.0,
    "done": 0.0
  },
  "language": "coq",
  "timestamp": 1773253499.530089,
  "saved_at": 1773253528.528536
}