{
  "id": "5fb964c6-4178-4a9c-ac90-3b7ae222bca1",
  "generation": 8,
  "iteration": 23,
  "timestamp": 1773218220.751339,
  "parent_id": "429eb670-02f1-4065-9076-ed826f5e9bf4",
  "metrics": {
    "combined_score": 1.0,
    "compiles": 1.0,
    "qed_count": 9.0,
    "admitted_count": 0.0,
    "todo_count": 0.0,
    "code_length": 212.0,
    "done": 1.0
  },
  "language": "coq",
  "saved_at": 1773222459.4412851
}