{
  "id": "49ff5735-0ca6-4bd4-a85c-14337b8e5fcc",
  "generation": 2,
  "iteration": 3,
  "current_iteration": 5,
  "metrics": {
    "combined_score": 0.23076923076923078,
    "compiles": 1.0,
    "qed_count": 3.0,
    "admitted_count": 6.0,
    "todo_count": 4.0,
    "code_length": 105.0,
    "done": 0.0
  },
  "language": "coq",
  "timestamp": 1773216661.225003,
  "saved_at": 1773216802.512158
}