{
  "id": "58188568-edad-4694-b87a-81c52177ed82",
  "generation": 6,
  "iteration": 12,
  "current_iteration": 35,
  "metrics": {
    "combined_score": 1.0,
    "compiles": 1.0,
    "qed_count": 14.0,
    "admitted_count": 0.0,
    "todo_count": 0.0,
    "code_length": 306.0,
    "done": 1.0
  },
  "language": "coq",
  "timestamp": 1773211429.009602,
  "saved_at": 1773214382.6186712
}