{
  "id": "21d47aef-b9ec-4a50-b2c2-05d8244201af",
  "generation": 4,
  "iteration": 20,
  "current_iteration": 35,
  "metrics": {
    "combined_score": 0.8571428571428571,
    "compiles": 1.0,
    "qed_count": 12.0,
    "admitted_count": 2.0,
    "todo_count": 0.0,
    "code_length": 278.0,
    "done": 0.0
  },
  "language": "coq",
  "timestamp": 1773205525.708935,
  "saved_at": 1773207558.312869
}