{
  "num_islands": 2,
  "current_island": 1,
  "iteration_count": 9,
  "global_best_score": 0.8,
  "decay": 0.9,
  "intensity_min": 0.15,
  "intensity_max": 0.5,
  "migration_interval": 10,
  "diversity_strategy_type": "code",
  "use_unified_archive": true,
  "use_adaptive_search": true,
  "use_ucb_selection": true,
  "fixed_intensity": 0.4,
  "adapter": {
    "states": [
      {
        "accumulated_signal": 0.07733099158892874,
        "best_score": 0.75,
        "improvement_count": 4,
        "total_evaluations": 6,
        "decay": 0.9,
        "epsilon": 1e-08,
        "intensity_min": 0.15,
        "intensity_max": 0.5
      },
      {
        "accumulated_signal": 0.07004233686262845,
        "best_score": 0.8,
        "improvement_count": 4,
        "total_evaluations": 5,
        "decay": 0.9,
        "epsilon": 1e-08,
        "intensity_min": 0.15,
        "intensity_max": 0.5
      }
    ],
    "dimension_visits": [
      6,
      5
    ],
    "dimension_rewards": [
      0.8520988194655014,
      0.3147818134442811
    ],
    "decayed_visits": [
      4.68559,
      4.0951
    ],
    "global_best_score": 0.8,
    "ucb_exploration": 1.41,
    "min_visits": 3,
    "decay": 0.9,
    "epsilon": 1e-08
  },
  "island_config_names": [
    "balanced",
    "balanced"
  ],
  "islands": [
    [
      "0d2527bc-f543-4acc-8784-e86d9a540588",
      "d854c29c-2dd3-415b-8c5f-bf46bb73d6bd",
      "4173df5e-4f5e-46b3-9f40-a478fb0476e9",
      "27f85b84-4db8-4ed5-8f53-48799f0b8e32",
      "eb47cc79-3712-4934-8455-2772d643974a",
      "3c3e11ad-3ea0-405c-9501-0fe28947675f"
    ],
    [
      "632ab835-8898-43b0-8fc6-649b779e958c",
      "40a1194f-dcce-438d-8176-38e8ae2d35ce",
      "ab6d30cb-f75e-4a04-9d98-e57b5355e7c3",
      "eb1317fe-4c52-43dc-8d0a-a60728083e86",
      "ae23bd74-a1de-4fb7-9357-80335c855921",
      "3afe48eb-bc33-4f84-8c9b-cb4f28b56574"
    ]
  ],
  "archive_genealogies": [
    {
      "parents": {
        "0d2527bc-f543-4acc-8784-e86d9a540588": [],
        "d854c29c-2dd3-415b-8c5f-bf46bb73d6bd": [
          "0d2527bc-f543-4acc-8784-e86d9a540588"
        ],
        "4173df5e-4f5e-46b3-9f40-a478fb0476e9": [
          "d854c29c-2dd3-415b-8c5f-bf46bb73d6bd"
        ],
        "27f85b84-4db8-4ed5-8f53-48799f0b8e32": [
          "4173df5e-4f5e-46b3-9f40-a478fb0476e9"
        ],
        "eb47cc79-3712-4934-8455-2772d643974a": [
          "4173df5e-4f5e-46b3-9f40-a478fb0476e9"
        ],
        "3c3e11ad-3ea0-405c-9501-0fe28947675f": [
          "eb47cc79-3712-4934-8455-2772d643974a"
        ]
      },
      "children": {
        "0d2527bc-f543-4acc-8784-e86d9a540588": [
          "d854c29c-2dd3-415b-8c5f-bf46bb73d6bd"
        ],
        "d854c29c-2dd3-415b-8c5f-bf46bb73d6bd": [
          "4173df5e-4f5e-46b3-9f40-a478fb0476e9"
        ],
        "4173df5e-4f5e-46b3-9f40-a478fb0476e9": [
          "27f85b84-4db8-4ed5-8f53-48799f0b8e32",
          "eb47cc79-3712-4934-8455-2772d643974a"
        ],
        "eb47cc79-3712-4934-8455-2772d643974a": [
          "3c3e11ad-3ea0-405c-9501-0fe28947675f"
        ]
      }
    },
    {
      "parents": {
        "632ab835-8898-43b0-8fc6-649b779e958c": [],
        "40a1194f-dcce-438d-8176-38e8ae2d35ce": [
          "632ab835-8898-43b0-8fc6-649b779e958c"
        ],
        "ab6d30cb-f75e-4a04-9d98-e57b5355e7c3": [
          "40a1194f-dcce-438d-8176-38e8ae2d35ce"
        ],
        "eb1317fe-4c52-43dc-8d0a-a60728083e86": [
          "ab6d30cb-f75e-4a04-9d98-e57b5355e7c3"
        ],
        "ae23bd74-a1de-4fb7-9357-80335c855921": [
          "eb1317fe-4c52-43dc-8d0a-a60728083e86"
        ],
        "3afe48eb-bc33-4f84-8c9b-cb4f28b56574": [
          "ae23bd74-a1de-4fb7-9357-80335c855921"
        ]
      },
      "children": {
        "632ab835-8898-43b0-8fc6-649b779e958c": [
          "40a1194f-dcce-438d-8176-38e8ae2d35ce"
        ],
        "40a1194f-dcce-438d-8176-38e8ae2d35ce": [
          "ab6d30cb-f75e-4a04-9d98-e57b5355e7c3"
        ],
        "ab6d30cb-f75e-4a04-9d98-e57b5355e7c3": [
          "eb1317fe-4c52-43dc-8d0a-a60728083e86"
        ],
        "eb1317fe-4c52-43dc-8d0a-a60728083e86": [
          "ae23bd74-a1de-4fb7-9357-80335c855921"
        ],
        "ae23bd74-a1de-4fb7-9357-80335c855921": [
          "3afe48eb-bc33-4f84-8c9b-cb4f28b56574"
        ]
      }
    }
  ],
  "use_paradigm_breakthrough": true,
  "paradigm_tracker": {
    "window_size": 5,
    "improvement_threshold": 0.02,
    "max_paradigm_uses": 2,
    "max_tried_paradigms": 5,
    "num_paradigms_to_generate": 2,
    "improvement_history": [
      0.0,
      1.0,
      0.0,
      0.0,
      0.0
    ],
    "active_paradigms": [],
    "paradigm_usage_counts": {},
    "current_paradigm_index": 0,
    "tried_paradigms": [],
    "best_score_at_paradigm_gen": 0.0,
    "best_score_during_paradigm": 0.0
  }
}