{
  "num_islands": 2,
  "current_island": 1,
  "iteration_count": 29,
  "global_best_score": 1.0,
  "decay": 0.9,
  "intensity_min": 0.15,
  "intensity_max": 0.5,
  "migration_interval": 10,
  "diversity_strategy_type": "code",
  "use_unified_archive": true,
  "use_adaptive_search": true,
  "use_ucb_selection": true,
  "fixed_intensity": 0.4,
  "adapter": {
    "states": [
      {
        "accumulated_signal": 0.1776834185422042,
        "best_score": 1.0,
        "improvement_count": 8,
        "total_evaluations": 14,
        "decay": 0.9,
        "epsilon": 1e-08,
        "intensity_min": 0.15,
        "intensity_max": 0.5
      },
      {
        "accumulated_signal": 0.22445004507357716,
        "best_score": 1.0,
        "improvement_count": 6,
        "total_evaluations": 13,
        "decay": 0.9,
        "epsilon": 1e-08,
        "intensity_min": 0.15,
        "intensity_max": 0.5
      }
    ],
    "dimension_visits": [
      14,
      13
    ],
    "dimension_rewards": [
      1.4620841244718865,
      1.0324654855468567
    ],
    "decayed_visits": [
      7.7123207545039,
      7.458134171671
    ],
    "global_best_score": 1.0,
    "ucb_exploration": 1.41,
    "min_visits": 3,
    "decay": 0.9,
    "epsilon": 1e-08
  },
  "island_config_names": [
    "balanced",
    "balanced"
  ],
  "islands": [
    [
      "f1921b49-ee46-4ad0-829d-b092acb2f05a",
      "e277de4c-bd63-4053-af04-2db51ebbf3ff",
      "20074a90-145f-480c-844c-d9a7c426f416",
      "3bfef7ee-82dc-44b3-abbf-8e3b1d49cab3",
      "9dfb0733-0105-466d-91df-4a701646e565",
      "29b2f81c-8aef-46b9-8ac4-d4b93a46434b",
      "36bf8fc4-e408-47d0-b7f2-7583be7f0837",
      "10ed248b-c224-49cc-8e89-00ac088f1890",
      "d4d1feba-88df-41e4-a116-a3d8bb12df20",
      "3b5e898c-7b4a-418b-bad0-d95689d04937"
    ],
    [
      "3d67b221-e380-46e9-bded-b650ffc28b85",
      "f7c5fe3c-e5f2-4247-8c08-6303f6aad86c",
      "49ff5735-0ca6-4bd4-a85c-14337b8e5fcc",
      "fbd70cea-818f-42b7-b714-2e505bf39111",
      "5330655a-1d4c-48cd-8707-aa708f497d9e",
      "c4114072-2caa-483f-8d2e-1a40a5e5b1e4",
      "5fb964c6-4178-4a9c-ac90-3b7ae222bca1",
      "8d337ab7-261a-477f-9f9c-3d8d3c0e67e2",
      "eee2133f-1491-413b-8bb2-76de29199f33",
      "f04c3a9e-146a-45f8-ae2c-e32b50531e5f"
    ]
  ],
  "archive_genealogies": [
    {
      "parents": {
        "f1921b49-ee46-4ad0-829d-b092acb2f05a": [],
        "e277de4c-bd63-4053-af04-2db51ebbf3ff": [
          "f1921b49-ee46-4ad0-829d-b092acb2f05a"
        ],
        "20074a90-145f-480c-844c-d9a7c426f416": [
          "e277de4c-bd63-4053-af04-2db51ebbf3ff"
        ],
        "3bfef7ee-82dc-44b3-abbf-8e3b1d49cab3": [
          "9235c0b3-c3bf-4d3b-9011-2160d29f487c"
        ],
        "9dfb0733-0105-466d-91df-4a701646e565": [
          "3bfef7ee-82dc-44b3-abbf-8e3b1d49cab3"
        ],
        "29b2f81c-8aef-46b9-8ac4-d4b93a46434b": [
          "e277de4c-bd63-4053-af04-2db51ebbf3ff"
        ],
        "36bf8fc4-e408-47d0-b7f2-7583be7f0837": [
          "429eb670-02f1-4065-9076-ed826f5e9bf4"
        ],
        "10ed248b-c224-49cc-8e89-00ac088f1890": [
          "bdd02918-5e74-465c-94a5-5be2ed0ad8b5"
        ],
        "d4d1feba-88df-41e4-a116-a3d8bb12df20": [
          "10ed248b-c224-49cc-8e89-00ac088f1890"
        ],
        "3b5e898c-7b4a-418b-bad0-d95689d04937": [
          "d4d1feba-88df-41e4-a116-a3d8bb12df20"
        ]
      },
      "children": {
        "f1921b49-ee46-4ad0-829d-b092acb2f05a": [
          "e277de4c-bd63-4053-af04-2db51ebbf3ff"
        ],
        "e277de4c-bd63-4053-af04-2db51ebbf3ff": [
          "20074a90-145f-480c-844c-d9a7c426f416",
          "29b2f81c-8aef-46b9-8ac4-d4b93a46434b"
        ],
        "3bfef7ee-82dc-44b3-abbf-8e3b1d49cab3": [
          "9dfb0733-0105-466d-91df-4a701646e565"
        ],
        "429eb670-02f1-4065-9076-ed826f5e9bf4": [
          "36bf8fc4-e408-47d0-b7f2-7583be7f0837"
        ],
        "10ed248b-c224-49cc-8e89-00ac088f1890": [
          "d4d1feba-88df-41e4-a116-a3d8bb12df20"
        ],
        "d4d1feba-88df-41e4-a116-a3d8bb12df20": [
          "3b5e898c-7b4a-418b-bad0-d95689d04937"
        ]
      }
    },
    {
      "parents": {
        "3d67b221-e380-46e9-bded-b650ffc28b85": [],
        "f7c5fe3c-e5f2-4247-8c08-6303f6aad86c": [
          "3d67b221-e380-46e9-bded-b650ffc28b85"
        ],
        "49ff5735-0ca6-4bd4-a85c-14337b8e5fcc": [
          "f7c5fe3c-e5f2-4247-8c08-6303f6aad86c"
        ],
        "fbd70cea-818f-42b7-b714-2e505bf39111": [
          "49ff5735-0ca6-4bd4-a85c-14337b8e5fcc"
        ],
        "5330655a-1d4c-48cd-8707-aa708f497d9e": [
          "3bfef7ee-82dc-44b3-abbf-8e3b1d49cab3"
        ],
        "c4114072-2caa-483f-8d2e-1a40a5e5b1e4": [
          "20074a90-145f-480c-844c-d9a7c426f416"
        ],
        "5fb964c6-4178-4a9c-ac90-3b7ae222bca1": [
          "429eb670-02f1-4065-9076-ed826f5e9bf4"
        ],
        "8d337ab7-261a-477f-9f9c-3d8d3c0e67e2": [
          "49ff5735-0ca6-4bd4-a85c-14337b8e5fcc"
        ],
        "eee2133f-1491-413b-8bb2-76de29199f33": [
          "429eb670-02f1-4065-9076-ed826f5e9bf4"
        ],
        "f04c3a9e-146a-45f8-ae2c-e32b50531e5f": [
          "5fb964c6-4178-4a9c-ac90-3b7ae222bca1"
        ]
      },
      "children": {
        "3d67b221-e380-46e9-bded-b650ffc28b85": [
          "f7c5fe3c-e5f2-4247-8c08-6303f6aad86c"
        ],
        "f7c5fe3c-e5f2-4247-8c08-6303f6aad86c": [
          "49ff5735-0ca6-4bd4-a85c-14337b8e5fcc"
        ],
        "49ff5735-0ca6-4bd4-a85c-14337b8e5fcc": [
          "fbd70cea-818f-42b7-b714-2e505bf39111",
          "8d337ab7-261a-477f-9f9c-3d8d3c0e67e2"
        ],
        "3bfef7ee-82dc-44b3-abbf-8e3b1d49cab3": [
          "5330655a-1d4c-48cd-8707-aa708f497d9e"
        ],
        "20074a90-145f-480c-844c-d9a7c426f416": [
          "c4114072-2caa-483f-8d2e-1a40a5e5b1e4"
        ],
        "5fb964c6-4178-4a9c-ac90-3b7ae222bca1": [
          "f04c3a9e-146a-45f8-ae2c-e32b50531e5f"
        ]
      }
    }
  ],
  "use_paradigm_breakthrough": true,
  "paradigm_tracker": {
    "window_size": 5,
    "improvement_threshold": 0.02,
    "max_paradigm_uses": 2,
    "max_tried_paradigms": 20,
    "num_paradigms_to_generate": 2,
    "improvement_history": [
      0.0,
      0.0,
      0.0,
      0.0,
      0.0
    ],
    "active_paradigms": [
      {
        "idea": "Leverage Coq's built-in automation with custom Hint databases and eauto",
        "description": "Although the current proofs are complete and correct, they are highly manual and step-by-step. By registering the BST constructors and ForallT helper lemmas into a custom Hint database using `Hint Resolve`, we can use `eauto` to automatically discharge many of the structural goals. Furthermore, combining this with `lia` for arithmetic goals via `Hint Extern` will allow the `insert_BST` and `lookup_insert` theorems to be proved in just a few lines of automated tactics. This improves maintainability and readability of the proof script.",
        "what_to_optimize": "code_length and proof maintainability",
        "cautions": "Be careful with `eauto` depth limits, as deeply nested trees might cause automation to hang. Ensure that `lia` is only triggered on arithmetic subgoals to maintain fast compilation times.",
        "approach_type": "coq.tactics.automation"
      },
      {
        "idea": "Utilize Boolean Reflection for arithmetic comparisons",
        "description": "The current proofs use `destruct (k <? k') eqn:...` followed by `apply Nat.ltb_lt in ...` repeatedly. Instead of manual translation between boolean results and propositions, we can use the `reflect` inductive type from Coq's standard library. By applying a view lemma like `Nat.ltb_spec0` (or `Compare_dec` variants), we can directly destruct the comparison into propositional cases (`k < k'` and `k >= k'`). This removes the need for bookkeeping equations and manual `apply` tactics, streamlining the control flow of the proofs.",
        "what_to_optimize": "proof structure and clarity",