{
  "id": "1397939d-28df-402e-9179-8b8e2ba0af87",
  "generation": 1,
  "iteration": 1,
  "current_iteration": 5,
  "metrics": {
    "combined_score": 0.3333333333333333,
    "compiles": 1.0,
    "qed_count": 1.0,
    "admitted_count": 1.0,
    "todo_count": 1.0,
    "code_length": 41.0,
    "done": 0.0
  },
  "language": "coq",
  "timestamp": 1773187162.024678,
  "saved_at": 1773187810.4630961
}