{
  "num_islands": 2,
  "current_island": 1,
  "iteration_count": 19,
  "global_best_score": 0.8,
  "decay": 0.9,
  "intensity_min": 0.15,
  "intensity_max": 0.5,
  "migration_interval": 10,
  "diversity_strategy_type": "code",
  "use_unified_archive": true,
  "use_adaptive_search": true,
  "use_ucb_selection": true,
  "fixed_intensity": 0.4,
  "adapter": {
    "states": [
      {
        "accumulated_signal": 0.07907107107216733,
        "best_score": 0.8,
        "improvement_count": 4,
        "total_evaluations": 11,
        "decay": 0.9,
        "epsilon": 1e-08,
        "intensity_min": 0.15,
        "intensity_max": 0.5
      },
      {
        "accumulated_signal": 0.08693847201523892,
        "best_score": 0.7333333333333333,
        "improvement_count": 2,
        "total_evaluations": 9,
        "decay": 0.9,
        "epsilon": 1e-08,
        "intensity_min": 0.15,
        "intensity_max": 0.5
      }
    ],
    "dimension_visits": [
      11,
      9
    ],
    "dimension_rewards": [
      0.6016548885992636,
      0.15306763655924033
    ],
    "decayed_visits": [
      6.861894039100001,
      6.12579511
    ],
    "global_best_score": 0.8,
    "ucb_exploration": 1.41,
    "min_visits": 3,
    "decay": 0.9,
    "epsilon": 1e-08
  },
  "island_config_names": [
    "balanced",
    "balanced"
  ],
  "islands": [
    [
      "7ec23b92-ac97-42b3-ba6c-912fd0cb8a3b",
      "ee1c83cf-a15c-42b1-a26d-6b7454435df8",
      "7849662d-26b7-4d9e-b75d-b2ae014e6465",
      "0055d7d7-74a7-4260-932d-5b1f9b1a8fbf",
      "550cd76f-fb99-414c-a3f4-971a4f8ea02e",
      "0f7eb323-08f8-4f02-aec2-1619264dee59",
      "74f1a3f4-5e33-4549-883a-395d133fff13",
      "3ee51de7-7c75-4b33-883f-01d956e7ed8c",
      "fde341e0-7e27-4c84-b253-30c7b7c984b8",
      "387e3e45-a1c3-4e63-a430-0f6942209f08"
    ],
    [
      "61607758-dd87-4879-815a-724a0c925904",
      "eb1bde28-bb8d-45da-969a-dda772a56dd7",
      "45dd6282-4d55-419e-9a88-fb0841be099d",
      "63a4fb62-9fa0-4afe-b186-eed899d734a7",
      "1a23c0a7-a301-43e4-8e6f-efc6dbe18fe1",
      "4514e0a9-a07d-4ccb-be71-e5c649acf32c",
      "9b1a5929-1d60-4ece-aa51-e6d28edcbb20",
      "87dcd3d3-6dd5-4317-a4c5-069aea851250",
      "dfab0ba7-cd5a-4978-b358-910c8c559d10",
      "33325e13-a614-4698-92af-1a090696ec93"
    ]
  ],
  "archive_genealogies": [
    {
      "parents": {
        "7ec23b92-ac97-42b3-ba6c-912fd0cb8a3b": [],
        "ee1c83cf-a15c-42b1-a26d-6b7454435df8": [
          "36869397-77d6-4b82-9d00-356a1aa5e2a9"
        ],
        "7849662d-26b7-4d9e-b75d-b2ae014e6465": [
          "36869397-77d6-4b82-9d00-356a1aa5e2a9"
        ],
        "0055d7d7-74a7-4260-932d-5b1f9b1a8fbf": [
          "36869397-77d6-4b82-9d00-356a1aa5e2a9"
        ],
        "550cd76f-fb99-414c-a3f4-971a4f8ea02e": [
          "0055d7d7-74a7-4260-932d-5b1f9b1a8fbf"
        ],
        "0f7eb323-08f8-4f02-aec2-1619264dee59": [
          "eb1bde28-bb8d-45da-969a-dda772a56dd7"
        ],
        "74f1a3f4-5e33-4549-883a-395d133fff13": [
          "0055d7d7-74a7-4260-932d-5b1f9b1a8fbf"
        ],
        "3ee51de7-7c75-4b33-883f-01d956e7ed8c": [
          "0055d7d7-74a7-4260-932d-5b1f9b1a8fbf"
        ],
        "fde341e0-7e27-4c84-b253-30c7b7c984b8": [
          "0055d7d7-74a7-4260-932d-5b1f9b1a8fbf"
        ],
        "387e3e45-a1c3-4e63-a430-0f6942209f08": [
          "0055d7d7-74a7-4260-932d-5b1f9b1a8fbf"
        ]
      },
      "children": {
        "0055d7d7-74a7-4260-932d-5b1f9b1a8fbf": [
          "550cd76f-fb99-414c-a3f4-971a4f8ea02e",
          "74f1a3f4-5e33-4549-883a-395d133fff13",
          "3ee51de7-7c75-4b33-883f-01d956e7ed8c",
          "fde341e0-7e27-4c84-b253-30c7b7c984b8",
          "387e3e45-a1c3-4e63-a430-0f6942209f08"
        ],
        "eb1bde28-bb8d-45da-969a-dda772a56dd7": [
          "0f7eb323-08f8-4f02-aec2-1619264dee59"
        ]
      }
    },
    {
      "parents": {
        "61607758-dd87-4879-815a-724a0c925904": [],
        "eb1bde28-bb8d-45da-969a-dda772a56dd7": [
          "61607758-dd87-4879-815a-724a0c925904"
        ],
        "45dd6282-4d55-419e-9a88-fb0841be099d": [
          "eb1bde28-bb8d-45da-969a-dda772a56dd7"
        ],
        "63a4fb62-9fa0-4afe-b186-eed899d734a7": [
          "61607758-dd87-4879-815a-724a0c925904"
        ],
        "1a23c0a7-a301-43e4-8e6f-efc6dbe18fe1": [
          "0055d7d7-74a7-4260-932d-5b1f9b1a8fbf"
        ],
        "4514e0a9-a07d-4ccb-be71-e5c649acf32c": [
          "0055d7d7-74a7-4260-932d-5b1f9b1a8fbf"
        ],
        "9b1a5929-1d60-4ece-aa51-e6d28edcbb20": [
          "36869397-77d6-4b82-9d00-356a1aa5e2a9"
        ],
        "87dcd3d3-6dd5-4317-a4c5-069aea851250": [
          "0055d7d7-74a7-4260-932d-5b1f9b1a8fbf"
        ],
        "dfab0ba7-cd5a-4978-b358-910c8c559d10": [
          "0055d7d7-74a7-4260-932d-5b1f9b1a8fbf"
        ],
        "33325e13-a614-4698-92af-1a090696ec93": [
          "0055d7d7-74a7-4260-932d-5b1f9b1a8fbf"
        ]
      },
      "children": {
        "61607758-dd87-4879-815a-724a0c925904": [
          "eb1bde28-bb8d-45da-969a-dda772a56dd7",
          "63a4fb62-9fa0-4afe-b186-eed899d734a7"
        ],
        "eb1bde28-bb8d-45da-969a-dda772a56dd7": [
          "45dd6282-4d55-419e-9a88-fb0841be099d"
        ],
        "0055d7d7-74a7-4260-932d-5b1f9b1a8fbf": [
          "1a23c0a7-a301-43e4-8e6f-efc6dbe18fe1",
          "4514e0a9-a07d-4ccb-be71-e5c649acf32c",
          "87dcd3d3-6dd5-4317-a4c5-069aea851250",
          "dfab0ba7-cd5a-4978-b358-910c8c559d10",
          "33325e13-a614-4698-92af-1a090696ec93"
        ],
        "36869397-77d6-4b82-9d00-356a1aa5e2a9": [
          "9b1a5929-1d60-4ece-aa51-e6d28edcbb20"
        ]
      }
    }
  ],
  "use_paradigm_breakthrough": true,
  "paradigm_tracker": {
    "window_size": 5,
    "improvement_threshold": 0.02,
    "max_paradigm_uses": 2,
    "max_tried_paradigms": 5,
    "num_paradigms_to_generate": 2,
    "improvement_history": [
      0.0,
      0.0,
      0.0,
      0.0,
      1.0
    ],
    "active_paradigms": [
      {
        "idea": "Implement Brzozowski derivative using Ascii.eqb and prove derives via structural induction",
        "description": "Define derive structurally on reg_exp using the standard Brzozowski rules: for Char c, return EmptyStr if Ascii.eqb a c else EmptySet; for App r1 r2, return Union (App (derive a r1) r2) (if match_eps r1 then derive a r2 else EmptySet); for Union r1 r2, return Union (derive a r1) (derive a r2); for Star r, return App (derive a r) (Star r); and for EmptySet/EmptyStr cases return EmptySet. Use Ascii.eqb with its spec (Ascii.eqb_eq or Ascii.eqb_spec) to bridge the boolean equality to propositional equality in the Char case. Then prove derive_corr by induction on re, using previously established reflection theorem for match_eps and the provided lemmas union_disj, app_exists, and the sub-lemmas app_ne/star_ne (temporarily as helper lemmas if needed). This avoids the pitfalls of ascii_dec by staying in the boolean world with reflect, making case splits clean and proof obligations local to each constructor. Keep regex_match unchanged: it already folds derive along the string and calls match_eps.",
        "what_to_optimize": "Reduce the remaining todo expressions by filling derive; discharge the main correctness lemma derive_corr with Qed to decrease Admitted count, improving the combined_score.",
        "cautions": "Import and use the exact boolean equality lemmas available for ascii (Ascii.eqb_eq or Ascii.eqb_spec depending on Coq version). Ensure match_eps is used only for gating the second App branch; do not forget Star is always nullable. When proving derive_corr, carefully separate the non-empty App case via app_ne and the Star case via star_ne to avoid stuck inversions. Keep proofs constructive and refrain from classical axioms.",
        "approach_type": "Coq.Strings.Ascii.eqb"
      },
      {
        "idea": "Prove the key decomposition lemmas for non-empty matches using List concatenation reasoning",