{
  "id": "387e3e45-a1c3-4e63-a430-0f6942209f08",
  "generation": 3,
  "iteration": 19,
  "current_iteration": 20,
  "metrics": {
    "combined_score": 0.8,
    "compiles": 1.0,
    "qed_count": 12.0,
    "admitted_count": 2.0,
    "todo_count": 1.0,
    "code_length": 246.0,
    "done": 0.0
  },
  "language": "coq",
  "timestamp": 1773194422.4819012,
  "saved_at": 1773194691.5118191
}