{
  "num_islands": 2,
  "current_island": 1,
  "iteration_count": 14,
  "global_best_score": 1.0,
  "decay": 0.9,
  "intensity_min": 0.15,
  "intensity_max": 0.5,
  "migration_interval": 10,
  "diversity_strategy_type": "code",
  "use_unified_archive": true,
  "use_adaptive_search": true,
  "use_ucb_selection": true,
  "fixed_intensity": 0.4,
  "adapter": {
    "states": [
      {
        "accumulated_signal": 0.18999999999999995,
        "best_score": 1.0,
        "improvement_count": 2,
        "total_evaluations": 10,
        "decay": 0.9,
        "epsilon": 1e-08,
        "intensity_min": 0.15,
        "intensity_max": 0.5
      },
      {
        "accumulated_signal": 0.18999999999999995,
        "best_score": 1.0,
        "improvement_count": 1,
        "total_evaluations": 8,
        "decay": 0.9,
        "epsilon": 1e-08,
        "intensity_min": 0.15,
        "intensity_max": 0.5
      }
    ],
    "dimension_visits": [
      10,
      8
    ],
    "dimension_rewards": [
      0.817887699,
      0.4782968952170311
    ],
    "decayed_visits": [
      6.5132155990000005,
      5.6953279000000006
    ],
    "global_best_score": 1.0,
    "ucb_exploration": 1.41,
    "min_visits": 3,
    "decay": 0.9,
    "epsilon": 1e-08
  },
  "island_config_names": [
    "balanced",
    "balanced"
  ],
  "islands": [
    [
      "d198b48a-60cd-41f2-9cbc-6de2a42f85eb",
      "e8f85ae1-5dab-4123-8150-bdf8eca08ceb",
      "f40694bf-2cee-4675-86dc-a38fd1d03b13",
      "8a5fea67-fb26-4349-9de5-0435ae1abfb6",
      "7361665f-3193-4057-8fa6-3d3214ace1a9",
      "bc145e5c-7c90-40b9-b8f3-d948819aee9b",
      "a4ca3dfa-675f-4acc-8451-7f7641143162",
      "c7e010b8-fe41-4cae-9672-460346e37d26",
      "fa30d181-b0db-4b11-8605-005e0e9ba339",
      "d4809a66-dd34-4475-a339-d37af1a0818e"
    ],
    [
      "0c06749d-6376-4218-a6a3-22849f21c361",
      "c30444f9-a442-4947-8a5a-1c96fae72f0c",
      "f998519b-387a-4615-96be-18450284f2ef",
      "7e351ded-692f-4cc0-8948-a627aa311625",
      "368c72b9-ac6c-47a5-a0ab-00766fb605cd",
      "1a42e064-e193-42e7-8108-5d302567021b",
      "68311481-fead-4b9b-89e9-7921780b1241",
      "12df2550-f629-4ac1-ba78-7e95e063755f",
      "062e2005-7237-4b0c-87b8-a9cf81546fe0",
      "47cd4e5d-25b5-4e81-9d23-e4f1e9bba4ca"
    ]
  ],
  "archive_genealogies": [
    {
      "parents": {
        "d198b48a-60cd-41f2-9cbc-6de2a42f85eb": [],
        "e8f85ae1-5dab-4123-8150-bdf8eca08ceb": [
          "d198b48a-60cd-41f2-9cbc-6de2a42f85eb"
        ],
        "f40694bf-2cee-4675-86dc-a38fd1d03b13": [
          "e8f85ae1-5dab-4123-8150-bdf8eca08ceb"
        ],
        "8a5fea67-fb26-4349-9de5-0435ae1abfb6": [
          "d198b48a-60cd-41f2-9cbc-6de2a42f85eb"
        ],
        "7361665f-3193-4057-8fa6-3d3214ace1a9": [
          "e8f85ae1-5dab-4123-8150-bdf8eca08ceb"
        ],
        "bc145e5c-7c90-40b9-b8f3-d948819aee9b": [
          "e8f85ae1-5dab-4123-8150-bdf8eca08ceb"
        ],
        "a4ca3dfa-675f-4acc-8451-7f7641143162": [
          "c30444f9-a442-4947-8a5a-1c96fae72f0c"
        ],
        "c7e010b8-fe41-4cae-9672-460346e37d26": [
          "f998519b-387a-4615-96be-18450284f2ef"
        ],
        "fa30d181-b0db-4b11-8605-005e0e9ba339": [
          "7e351ded-692f-4cc0-8948-a627aa311625"
        ],
        "d4809a66-dd34-4475-a339-d37af1a0818e": [
          "e8f85ae1-5dab-4123-8150-bdf8eca08ceb"
        ]
      },
      "children": {
        "d198b48a-60cd-41f2-9cbc-6de2a42f85eb": [
          "e8f85ae1-5dab-4123-8150-bdf8eca08ceb",
          "8a5fea67-fb26-4349-9de5-0435ae1abfb6"
        ],
        "e8f85ae1-5dab-4123-8150-bdf8eca08ceb": [
          "f40694bf-2cee-4675-86dc-a38fd1d03b13",
          "7361665f-3193-4057-8fa6-3d3214ace1a9",
          "bc145e5c-7c90-40b9-b8f3-d948819aee9b",
          "d4809a66-dd34-4475-a339-d37af1a0818e"
        ],
        "c30444f9-a442-4947-8a5a-1c96fae72f0c": [
          "a4ca3dfa-675f-4acc-8451-7f7641143162"
        ],
        "f998519b-387a-4615-96be-18450284f2ef": [
          "c7e010b8-fe41-4cae-9672-460346e37d26"
        ],
        "7e351ded-692f-4cc0-8948-a627aa311625": [
          "fa30d181-b0db-4b11-8605-005e0e9ba339"
        ]
      }
    },
    {
      "parents": {
        "0c06749d-6376-4218-a6a3-22849f21c361": [],
        "c30444f9-a442-4947-8a5a-1c96fae72f0c": [
          "0c06749d-6376-4218-a6a3-22849f21c361"
        ],
        "f998519b-387a-4615-96be-18450284f2ef": [
          "c30444f9-a442-4947-8a5a-1c96fae72f0c"
        ],
        "7e351ded-692f-4cc0-8948-a627aa311625": [
          "c30444f9-a442-4947-8a5a-1c96fae72f0c"
        ],
        "368c72b9-ac6c-47a5-a0ab-00766fb605cd": [
          "e8f85ae1-5dab-4123-8150-bdf8eca08ceb"
        ],
        "1a42e064-e193-42e7-8108-5d302567021b": [
          "e8f85ae1-5dab-4123-8150-bdf8eca08ceb"
        ],
        "68311481-fead-4b9b-89e9-7921780b1241": [
          "e8f85ae1-5dab-4123-8150-bdf8eca08ceb"
        ],
        "12df2550-f629-4ac1-ba78-7e95e063755f": [
          "f40694bf-2cee-4675-86dc-a38fd1d03b13"
        ],
        "062e2005-7237-4b0c-87b8-a9cf81546fe0": [
          "e8f85ae1-5dab-4123-8150-bdf8eca08ceb"
        ],
        "47cd4e5d-25b5-4e81-9d23-e4f1e9bba4ca": [
          "e8f85ae1-5dab-4123-8150-bdf8eca08ceb"
        ]
      },
      "children": {
        "0c06749d-6376-4218-a6a3-22849f21c361": [
          "c30444f9-a442-4947-8a5a-1c96fae72f0c"
        ],
        "c30444f9-a442-4947-8a5a-1c96fae72f0c": [
          "f998519b-387a-4615-96be-18450284f2ef",
          "7e351ded-692f-4cc0-8948-a627aa311625"
        ],
        "e8f85ae1-5dab-4123-8150-bdf8eca08ceb": [
          "368c72b9-ac6c-47a5-a0ab-00766fb605cd",
          "1a42e064-e193-42e7-8108-5d302567021b",
          "68311481-fead-4b9b-89e9-7921780b1241",
          "062e2005-7237-4b0c-87b8-a9cf81546fe0",
          "47cd4e5d-25b5-4e81-9d23-e4f1e9bba4ca"
        ],
        "f40694bf-2cee-4675-86dc-a38fd1d03b13": [
          "12df2550-f629-4ac1-ba78-7e95e063755f"
        ]
      }
    }
  ],
  "use_paradigm_breakthrough": true,
  "paradigm_tracker": {
    "window_size": 5,
    "improvement_threshold": 0.02,
    "max_paradigm_uses": 2,
    "max_tried_paradigms": 5,
    "num_paradigms_to_generate": 2,
    "improvement_history": [
      0.0,
      0.0,
      0.0,
      0.0,
      0.0
    ],
    "active_paradigms": [
      {
        "idea": "Deterministic single-obligation selection using regex scanning",
        "description": "Use Python\u2019s regex engine to deterministically locate and select exactly one actionable obligation per iteration. First, strip Coq block comments with a DOTALL pattern and skip the specific Axiom todo line using an anchored MULTILINE pattern to avoid false positives. Then call re.finditer on the cleaned text to find the first unmatched 'todo' token (word-bounded) and replace only that occurrence with a synthesized skeleton expression tailored to the nearby context (e.g., if immediately after ':=' in a Fixpoint, insert a match skeleton; if inside a boolean expression, insert a conditional). Maintain index mapping between stripped and original text to perform the replacement in the unmodified source. When no todos remain, apply a similar scan for 'Admitted.' to pick a single lemma to prove in that iteration. This approach precisely enforces the problem\u2019s constraint of changing one hole per call and prevents accidental multiple changes. Keep backups to revert if needed.",
        "what_to_optimize": "combined_score via consistently reducing the todo count by exactly one per iteration and enabling predictable, incremental Qed increases",
        "cautions": "Ensure the regex does not match inside comments or the Axiom declaration; use word boundaries to avoid partial matches (e.g., identifiers containing 'todo'). Preserve indentation and Coq syntax when inserting skeletons. Avoid multi-replacement operations\u2014replace exactly one match. Validate surrounding syntax to choose a compatible skeleton to prevent parse errors.",