{
  "num_islands": 2,
  "current_island": 1,
  "iteration_count": 24,
  "global_best_score": 1.0,
  "decay": 0.9,
  "intensity_min": 0.15,
  "intensity_max": 0.5,
  "migration_interval": 10,
  "diversity_strategy_type": "code",
  "use_unified_archive": true,
  "use_adaptive_search": true,
  "use_ucb_selection": true,
  "fixed_intensity": 0.4,
  "adapter": {
    "states": [
      {
        "accumulated_signal": 0.18999999999999995,
        "best_score": 1.0,
        "improvement_count": 2,
        "total_evaluations": 14,
        "decay": 0.9,
        "epsilon": 1e-08,
        "intensity_min": 0.15,
        "intensity_max": 0.5
      },
      {
        "accumulated_signal": 0.18999999999999995,
        "best_score": 1.0,
        "improvement_count": 1,
        "total_evaluations": 13,
        "decay": 0.9,
        "epsilon": 1e-08,
        "intensity_min": 0.15,
        "intensity_max": 0.5
      }
    ],
    "dimension_visits": [
      14,
      13
    ],
    "dimension_rewards": [
      0.5366161193139001,
      0.28242953365670476
    ],
    "decayed_visits": [
      7.7123207545039,
      7.458134171671
    ],
    "global_best_score": 1.0,
    "ucb_exploration": 1.41,
    "min_visits": 3,
    "decay": 0.9,
    "epsilon": 1e-08
  },
  "island_config_names": [
    "balanced",
    "balanced"
  ],
  "islands": [
    [
      "d198b48a-60cd-41f2-9cbc-6de2a42f85eb",
      "e8f85ae1-5dab-4123-8150-bdf8eca08ceb",
      "f40694bf-2cee-4675-86dc-a38fd1d03b13",
      "8a5fea67-fb26-4349-9de5-0435ae1abfb6",
      "7361665f-3193-4057-8fa6-3d3214ace1a9",
      "a4ca3dfa-675f-4acc-8451-7f7641143162",
      "c7e010b8-fe41-4cae-9672-460346e37d26",
      "d4809a66-dd34-4475-a339-d37af1a0818e",
      "af8f7f7e-9534-4c33-b8f2-295bfbe7d068",
      "75b55b55-787b-4571-81f4-a1c5bc076e1a"
    ],
    [
      "0c06749d-6376-4218-a6a3-22849f21c361",
      "c30444f9-a442-4947-8a5a-1c96fae72f0c",
      "f998519b-387a-4615-96be-18450284f2ef",
      "7e351ded-692f-4cc0-8948-a627aa311625",
      "368c72b9-ac6c-47a5-a0ab-00766fb605cd",
      "68311481-fead-4b9b-89e9-7921780b1241",
      "47cd4e5d-25b5-4e81-9d23-e4f1e9bba4ca",
      "59fd6680-6c7f-44a4-8ae9-439a03c3fa40",
      "4d05c4d8-ef80-4596-9b0d-0dca1da366fe",
      "f2278653-0a1f-493a-8353-3e09e9eb2d15"
    ]
  ],
  "archive_genealogies": [
    {
      "parents": {
        "d198b48a-60cd-41f2-9cbc-6de2a42f85eb": [],
        "e8f85ae1-5dab-4123-8150-bdf8eca08ceb": [
          "d198b48a-60cd-41f2-9cbc-6de2a42f85eb"
        ],
        "f40694bf-2cee-4675-86dc-a38fd1d03b13": [
          "e8f85ae1-5dab-4123-8150-bdf8eca08ceb"
        ],
        "8a5fea67-fb26-4349-9de5-0435ae1abfb6": [
          "d198b48a-60cd-41f2-9cbc-6de2a42f85eb"
        ],
        "7361665f-3193-4057-8fa6-3d3214ace1a9": [
          "e8f85ae1-5dab-4123-8150-bdf8eca08ceb"
        ],
        "a4ca3dfa-675f-4acc-8451-7f7641143162": [
          "c30444f9-a442-4947-8a5a-1c96fae72f0c"
        ],
        "c7e010b8-fe41-4cae-9672-460346e37d26": [
          "f998519b-387a-4615-96be-18450284f2ef"
        ],
        "d4809a66-dd34-4475-a339-d37af1a0818e": [
          "e8f85ae1-5dab-4123-8150-bdf8eca08ceb"
        ],
        "af8f7f7e-9534-4c33-b8f2-295bfbe7d068": [
          "e8f85ae1-5dab-4123-8150-bdf8eca08ceb"
        ],
        "75b55b55-787b-4571-81f4-a1c5bc076e1a": [
          "e8f85ae1-5dab-4123-8150-bdf8eca08ceb"
        ]
      },
      "children": {
        "d198b48a-60cd-41f2-9cbc-6de2a42f85eb": [
          "e8f85ae1-5dab-4123-8150-bdf8eca08ceb",
          "8a5fea67-fb26-4349-9de5-0435ae1abfb6"
        ],
        "e8f85ae1-5dab-4123-8150-bdf8eca08ceb": [
          "f40694bf-2cee-4675-86dc-a38fd1d03b13",
          "7361665f-3193-4057-8fa6-3d3214ace1a9",
          "d4809a66-dd34-4475-a339-d37af1a0818e",
          "af8f7f7e-9534-4c33-b8f2-295bfbe7d068",
          "75b55b55-787b-4571-81f4-a1c5bc076e1a"
        ],
        "c30444f9-a442-4947-8a5a-1c96fae72f0c": [
          "a4ca3dfa-675f-4acc-8451-7f7641143162"
        ],
        "f998519b-387a-4615-96be-18450284f2ef": [
          "c7e010b8-fe41-4cae-9672-460346e37d26"
        ]
      }
    },
    {
      "parents": {
        "0c06749d-6376-4218-a6a3-22849f21c361": [],
        "c30444f9-a442-4947-8a5a-1c96fae72f0c": [
          "0c06749d-6376-4218-a6a3-22849f21c361"
        ],
        "f998519b-387a-4615-96be-18450284f2ef": [
          "c30444f9-a442-4947-8a5a-1c96fae72f0c"
        ],
        "7e351ded-692f-4cc0-8948-a627aa311625": [
          "c30444f9-a442-4947-8a5a-1c96fae72f0c"
        ],
        "368c72b9-ac6c-47a5-a0ab-00766fb605cd": [
          "e8f85ae1-5dab-4123-8150-bdf8eca08ceb"
        ],
        "68311481-fead-4b9b-89e9-7921780b1241": [
          "e8f85ae1-5dab-4123-8150-bdf8eca08ceb"
        ],
        "47cd4e5d-25b5-4e81-9d23-e4f1e9bba4ca": [
          "e8f85ae1-5dab-4123-8150-bdf8eca08ceb"
        ],
        "59fd6680-6c7f-44a4-8ae9-439a03c3fa40": [
          "e8f85ae1-5dab-4123-8150-bdf8eca08ceb"
        ],
        "4d05c4d8-ef80-4596-9b0d-0dca1da366fe": [
          "e8f85ae1-5dab-4123-8150-bdf8eca08ceb"
        ],
        "f2278653-0a1f-493a-8353-3e09e9eb2d15": [
          "e8f85ae1-5dab-4123-8150-bdf8eca08ceb"
        ]
      },
      "children": {
        "0c06749d-6376-4218-a6a3-22849f21c361": [
          "c30444f9-a442-4947-8a5a-1c96fae72f0c"
        ],
        "c30444f9-a442-4947-8a5a-1c96fae72f0c": [
          "f998519b-387a-4615-96be-18450284f2ef",
          "7e351ded-692f-4cc0-8948-a627aa311625"
        ],
        "e8f85ae1-5dab-4123-8150-bdf8eca08ceb": [
          "368c72b9-ac6c-47a5-a0ab-00766fb605cd",
          "68311481-fead-4b9b-89e9-7921780b1241",
          "47cd4e5d-25b5-4e81-9d23-e4f1e9bba4ca",
          "59fd6680-6c7f-44a4-8ae9-439a03c3fa40",
          "4d05c4d8-ef80-4596-9b0d-0dca1da366fe",
          "f2278653-0a1f-493a-8353-3e09e9eb2d15"
        ]
      }
    }
  ],
  "use_paradigm_breakthrough": true,
  "paradigm_tracker": {
    "window_size": 5,
    "improvement_threshold": 0.02,
    "max_paradigm_uses": 2,
    "max_tried_paradigms": 5,
    "num_paradigms_to_generate": 2,
    "improvement_history": [
      0.0,
      0.0,
      0.0,
      0.0,
      0.0
    ],
    "active_paradigms": [
      {
        "idea": "Use difflib.get_close_matches for nearest-template retrieval",
        "description": "Maintain a small library of proven Coq snippets (definitions and proofs) keyed by short textual signatures of goals (e.g., top symbol names, head constructor, and size). For the current obligation, build a concise string signature from the goal and the immediate context (e.g., \"Fixpoint on list nat with Nat.ltb and andb\"). Call difflib.get_close_matches to retrieve the most similar template signature from the library. Use the associated template to generate the next edit (either a pattern match skeleton or a standard lemma structure like Forall/ltb equivalences) in a single step. Calibrate the cutoff parameter to avoid spurious matches; if no match is above the threshold, fall back to a safe default edit (like a minimal pattern match introducing exactly one new todo per branch). This retrieval-based step is O(n) over the template keys and is robust to minor syntactic differences. It directly targets producing compilable edits and tends to reduce the number of new todos by leveraging high-fidelity templates. Over time, keep only templates that led to successful Qed to improve precision.",
        "what_to_optimize": "combined_score (maximize Qed count while minimizing new todos and Admitted lemmas)",