{
  "num_islands": 2,
  "current_island": 1,
  "iteration_count": 14,
  "global_best_score": 0.7333333333333333,
  "decay": 0.9,
  "intensity_min": 0.15,
  "intensity_max": 0.5,
  "migration_interval": 10,
  "diversity_strategy_type": "code",
  "use_unified_archive": true,
  "use_adaptive_search": true,
  "use_ucb_selection": true,
  "fixed_intensity": 0.4,
  "adapter": {
    "states": [
      {
        "accumulated_signal": 0.08693847201523892,
        "best_score": 0.7333333333333333,
        "improvement_count": 3,
        "total_evaluations": 9,
        "decay": 0.9,
        "epsilon": 1e-08,
        "intensity_min": 0.15,
        "intensity_max": 0.5
      },
      {
        "accumulated_signal": 0.08693847201523892,
        "best_score": 0.7333333333333333,
        "improvement_count": 2,
        "total_evaluations": 8,
        "decay": 0.9,
        "epsilon": 1e-08,
        "intensity_min": 0.15,
        "intensity_max": 0.5
      }
    ],
    "dimension_visits": [
      9,
      8
    ],
    "dimension_rewards": [
      0.6305503690491876,
      0.17007515173248924
    ],
    "decayed_visits": [
      6.12579511,
      5.6953279000000006
    ],
    "global_best_score": 0.7333333333333333,
    "ucb_exploration": 1.41,
    "min_visits": 3,
    "decay": 0.9,
    "epsilon": 1e-08
  },
  "island_config_names": [
    "balanced",
    "balanced"
  ],
  "islands": [
    [
      "7ec23b92-ac97-42b3-ba6c-912fd0cb8a3b",
      "36869397-77d6-4b82-9d00-356a1aa5e2a9",
      "ee1c83cf-a15c-42b1-a26d-6b7454435df8",
      "7849662d-26b7-4d9e-b75d-b2ae014e6465",
      "0055d7d7-74a7-4260-932d-5b1f9b1a8fbf",
      "550cd76f-fb99-414c-a3f4-971a4f8ea02e",
      "0f7eb323-08f8-4f02-aec2-1619264dee59",
      "74f1a3f4-5e33-4549-883a-395d133fff13",
      "3ee51de7-7c75-4b33-883f-01d956e7ed8c"
    ],
    [
      "61607758-dd87-4879-815a-724a0c925904",
      "eb1bde28-bb8d-45da-969a-dda772a56dd7",
      "45dd6282-4d55-419e-9a88-fb0841be099d",
      "63a4fb62-9fa0-4afe-b186-eed899d734a7",
      "1a23c0a7-a301-43e4-8e6f-efc6dbe18fe1",
      "4514e0a9-a07d-4ccb-be71-e5c649acf32c",
      "9b1a5929-1d60-4ece-aa51-e6d28edcbb20",
      "87dcd3d3-6dd5-4317-a4c5-069aea851250",
      "a80b6098-c627-4858-b6eb-1ebfda3a6662",
      "dfab0ba7-cd5a-4978-b358-910c8c559d10"
    ]
  ],
  "archive_genealogies": [
    {
      "parents": {
        "7ec23b92-ac97-42b3-ba6c-912fd0cb8a3b": [],
        "36869397-77d6-4b82-9d00-356a1aa5e2a9": [
          "7ec23b92-ac97-42b3-ba6c-912fd0cb8a3b"
        ],
        "ee1c83cf-a15c-42b1-a26d-6b7454435df8": [
          "36869397-77d6-4b82-9d00-356a1aa5e2a9"
        ],
        "7849662d-26b7-4d9e-b75d-b2ae014e6465": [
          "36869397-77d6-4b82-9d00-356a1aa5e2a9"
        ],
        "0055d7d7-74a7-4260-932d-5b1f9b1a8fbf": [
          "36869397-77d6-4b82-9d00-356a1aa5e2a9"
        ],
        "550cd76f-fb99-414c-a3f4-971a4f8ea02e": [
          "0055d7d7-74a7-4260-932d-5b1f9b1a8fbf"
        ],
        "0f7eb323-08f8-4f02-aec2-1619264dee59": [
          "eb1bde28-bb8d-45da-969a-dda772a56dd7"
        ],
        "74f1a3f4-5e33-4549-883a-395d133fff13": [
          "0055d7d7-74a7-4260-932d-5b1f9b1a8fbf"
        ],
        "3ee51de7-7c75-4b33-883f-01d956e7ed8c": [
          "0055d7d7-74a7-4260-932d-5b1f9b1a8fbf"
        ]
      },
      "children": {
        "7ec23b92-ac97-42b3-ba6c-912fd0cb8a3b": [
          "36869397-77d6-4b82-9d00-356a1aa5e2a9"
        ],
        "36869397-77d6-4b82-9d00-356a1aa5e2a9": [
          "ee1c83cf-a15c-42b1-a26d-6b7454435df8",
          "7849662d-26b7-4d9e-b75d-b2ae014e6465",
          "0055d7d7-74a7-4260-932d-5b1f9b1a8fbf"
        ],
        "0055d7d7-74a7-4260-932d-5b1f9b1a8fbf": [
          "550cd76f-fb99-414c-a3f4-971a4f8ea02e",
          "74f1a3f4-5e33-4549-883a-395d133fff13",
          "3ee51de7-7c75-4b33-883f-01d956e7ed8c"
        ],
        "eb1bde28-bb8d-45da-969a-dda772a56dd7": [
          "0f7eb323-08f8-4f02-aec2-1619264dee59"
        ]
      }
    },
    {
      "parents": {
        "61607758-dd87-4879-815a-724a0c925904": [],
        "eb1bde28-bb8d-45da-969a-dda772a56dd7": [
          "61607758-dd87-4879-815a-724a0c925904"
        ],
        "45dd6282-4d55-419e-9a88-fb0841be099d": [
          "eb1bde28-bb8d-45da-969a-dda772a56dd7"
        ],
        "63a4fb62-9fa0-4afe-b186-eed899d734a7": [
          "61607758-dd87-4879-815a-724a0c925904"
        ],
        "1a23c0a7-a301-43e4-8e6f-efc6dbe18fe1": [
          "0055d7d7-74a7-4260-932d-5b1f9b1a8fbf"
        ],
        "4514e0a9-a07d-4ccb-be71-e5c649acf32c": [
          "0055d7d7-74a7-4260-932d-5b1f9b1a8fbf"
        ],
        "9b1a5929-1d60-4ece-aa51-e6d28edcbb20": [
          "36869397-77d6-4b82-9d00-356a1aa5e2a9"
        ],
        "87dcd3d3-6dd5-4317-a4c5-069aea851250": [
          "0055d7d7-74a7-4260-932d-5b1f9b1a8fbf"
        ],
        "a80b6098-c627-4858-b6eb-1ebfda3a6662": [
          "0055d7d7-74a7-4260-932d-5b1f9b1a8fbf"
        ],
        "dfab0ba7-cd5a-4978-b358-910c8c559d10": [
          "0055d7d7-74a7-4260-932d-5b1f9b1a8fbf"
        ]
      },
      "children": {
        "61607758-dd87-4879-815a-724a0c925904": [
          "eb1bde28-bb8d-45da-969a-dda772a56dd7",
          "63a4fb62-9fa0-4afe-b186-eed899d734a7"
        ],
        "eb1bde28-bb8d-45da-969a-dda772a56dd7": [
          "45dd6282-4d55-419e-9a88-fb0841be099d"
        ],
        "0055d7d7-74a7-4260-932d-5b1f9b1a8fbf": [
          "1a23c0a7-a301-43e4-8e6f-efc6dbe18fe1",
          "4514e0a9-a07d-4ccb-be71-e5c649acf32c",
          "87dcd3d3-6dd5-4317-a4c5-069aea851250",
          "a80b6098-c627-4858-b6eb-1ebfda3a6662",
          "dfab0ba7-cd5a-4978-b358-910c8c559d10"
        ],
        "36869397-77d6-4b82-9d00-356a1aa5e2a9": [
          "9b1a5929-1d60-4ece-aa51-e6d28edcbb20"
        ]
      }
    }
  ],
  "use_paradigm_breakthrough": true,
  "paradigm_tracker": {
    "window_size": 5,
    "improvement_threshold": 0.02,
    "max_paradigm_uses": 2,
    "max_tried_paradigms": 5,
    "num_paradigms_to_generate": 2,
    "improvement_history": [
      0.0,
      0.0,
      0.0,
      0.0,
      0.0
    ],
    "active_paradigms": [
      {
        "idea": "Implement Brzozowski derivative with ascii_dec and match_eps gating",
        "description": "Fill the derive function with the standard Brzozowski rules: EmptySet\u2192EmptySet, EmptyStr\u2192EmptySet, Char c\u2192(if ascii_dec c a then EmptyStr else EmptySet), Union r1 r2\u2192Union (derive a r1) (derive a r2), App r1 r2\u2192Union (App (derive a r1) r2) (if match_eps r1 then derive a r2 else EmptySet), Star r\u2192App (derive a r) (Star r). Then prove the two helper lemmas app_ne and star_ne (about non-empty strings matching App/Star) to support the main correctness theorem. Finally, prove derive_corr by structural induction on re, using the provided equivalences (app_exists, union_disj, empty_matches_eps, char lemmas) and the newly proved helper lemmas. For App, split by match_eps r1 using match_eps_refl to handle the nullable-first-component case. For Char, dispatch with ascii_dec and char lemmas.",
        "what_to_optimize": "Reduce the number of remaining todos and Admitted by completing derive and discharging derive_corr; correctness proof size and branching in App/Star cases.",
        "cautions": "Require Import Coq.Strings.Ascii for ascii_dec; ensure the fixpoint for match_eps is already available and used only as a boolean in derive. Be careful to use reflect lemmas from match_eps_refl to bridge match_eps r1 = true/false to propositional nullable facts. Avoid simplifying App/Union aggressively in derive itself to keep equivalence proofs straightforward; use only union/app constructors as specified.",
        "approach_type": "Coq.Strings.Ascii.ascii_dec"
      },
      {
        "idea": "Prove derive correctness via inversion on match derivations with app_ne/star_ne",