{
  "id": "0055d7d7-74a7-4260-932d-5b1f9b1a8fbf",
  "generation": 2,
  "iteration": 7,
  "current_iteration": 15,
  "metrics": {
    "combined_score": 0.7333333333333333,
    "compiles": 1.0,
    "qed_count": 11.0,
    "admitted_count": 3.0,
    "todo_count": 1.0,
    "code_length": 232.0,
    "done": 0.0
  },
  "language": "coq",
  "timestamp": 1773188097.7959511,
  "saved_at": 1773192897.182185
}