{
  "id": "e83a5ac1-3e57-4f89-9064-9e3bfba09cb8",
  "generation": 4,
  "iteration": 14,
  "timestamp": 1773188878.736829,
  "parent_id": "ee37782f-09f0-4119-949e-7c5644cd524e",
  "metrics": {
    "combined_score": 1.0,
    "compiles": 1.0,
    "qed_count": 5.0,
    "admitted_count": 0.0,
    "todo_count": 0.0,
    "code_length": 117.0,
    "done": 1.0
  },
  "language": "coq",
  "saved_at": 1773193469.85533
}