{
  "num_islands": 2,
  "current_island": 0,
  "iteration_count": 24,
  "global_best_score": 1.0,
  "decay": 0.9,
  "intensity_min": 0.15,
  "intensity_max": 0.5,
  "migration_interval": 10,
  "diversity_strategy_type": "code",
  "use_unified_archive": true,
  "use_adaptive_search": true,
  "use_ucb_selection": true,
  "fixed_intensity": 0.4,
  "adapter": {
    "states": [
      {
        "accumulated_signal": 0.2763999946500001,
        "best_score": 1.0,
        "improvement_count": 4,
        "total_evaluations": 13,
        "decay": 0.9,
        "epsilon": 1e-08,
        "intensity_min": 0.15,
        "intensity_max": 0.5
      },
      {
        "accumulated_signal": 0.2763999946500001,
        "best_score": 1.0,
        "improvement_count": 3,
        "total_evaluations": 13,
        "decay": 0.9,
        "epsilon": 1e-08,
        "intensity_min": 0.15,
        "intensity_max": 0.5
      }
    ],
    "dimension_visits": [
      13,
      13
    ],
    "dimension_rewards": [
      0.9071331144620705,
      0.7880132544723868
    ],
    "decayed_visits": [
      7.458134171671,
      7.458134171671
    ],
    "global_best_score": 1.0,
    "ucb_exploration": 1.41,
    "min_visits": 3,
    "decay": 0.9,
    "epsilon": 1e-08
  },
  "island_config_names": [
    "balanced",
    "balanced"
  ],
  "islands": [
    [
      "99c7e514-fcca-4ce4-a20a-d9501d168110",
      "9e4fca24-49cd-4b1b-91ae-0c0dcdce3d3b",
      "f1dc47f2-e63f-4896-98fa-933af06db7d5",
      "754b5d4b-19f0-47a8-aa04-82b34ba412d0",
      "cd42aea5-bc9a-4d19-a750-77cfbc430d56",
      "2be7aa4e-30b2-411f-9b65-0c771a350e68",
      "d00ab91f-0937-4ee2-b4a5-cf0b8e44f732",
      "9ca42e2a-4216-4de1-ab3d-184e9ea90668",
      "b04139e8-a9dd-4559-93e8-82b325eed128",
      "bb249eb1-e196-4f1e-a4d1-50f462bc4553"
    ],
    [
      "31814979-fa1f-4c12-8f33-28a66eb1aa9f",
      "7b4be5be-dd9d-4452-b8ff-3c62e54e767b",
      "4fe38d7a-ba7c-4fac-9c1b-9c06e72717f4",
      "13d108aa-645d-412e-983c-d6abe7e0f6f1",
      "f35b3ea2-118f-4799-af27-62cde341eb07",
      "4cb5292f-0433-42f9-99e6-1098ffefa5d0",
      "326e35e1-d2f3-4998-86db-ae0174b05c73",
      "48d9baa2-3c0e-482f-a6da-bc0f1cbebffa",
      "063cdd1e-4823-4efa-a9f8-a3d4678da3d7",
      "2d33c927-5212-4238-8097-d6b9cdee10b7"
    ]
  ],
  "archive_genealogies": [
    {
      "parents": {
        "99c7e514-fcca-4ce4-a20a-d9501d168110": [],
        "9e4fca24-49cd-4b1b-91ae-0c0dcdce3d3b": [
          "99c7e514-fcca-4ce4-a20a-d9501d168110"
        ],
        "f1dc47f2-e63f-4896-98fa-933af06db7d5": [
          "99c7e514-fcca-4ce4-a20a-d9501d168110"
        ],
        "754b5d4b-19f0-47a8-aa04-82b34ba412d0": [
          "f1dc47f2-e63f-4896-98fa-933af06db7d5"
        ],
        "cd42aea5-bc9a-4d19-a750-77cfbc430d56": [
          "9e4fca24-49cd-4b1b-91ae-0c0dcdce3d3b"
        ],
        "2be7aa4e-30b2-411f-9b65-0c771a350e68": [
          "4fe38d7a-ba7c-4fac-9c1b-9c06e72717f4"
        ],
        "d00ab91f-0937-4ee2-b4a5-cf0b8e44f732": [
          "f35b3ea2-118f-4799-af27-62cde341eb07"
        ],
        "9ca42e2a-4216-4de1-ab3d-184e9ea90668": [
          "4fe38d7a-ba7c-4fac-9c1b-9c06e72717f4"
        ],
        "b04139e8-a9dd-4559-93e8-82b325eed128": [
          "13f2c5ae-8d69-4ed1-96f8-eac1df24e00c"
        ],
        "bb249eb1-e196-4f1e-a4d1-50f462bc4553": [
          "4fe38d7a-ba7c-4fac-9c1b-9c06e72717f4"
        ]
      },
      "children": {
        "99c7e514-fcca-4ce4-a20a-d9501d168110": [
          "9e4fca24-49cd-4b1b-91ae-0c0dcdce3d3b",
          "f1dc47f2-e63f-4896-98fa-933af06db7d5"
        ],
        "f1dc47f2-e63f-4896-98fa-933af06db7d5": [
          "754b5d4b-19f0-47a8-aa04-82b34ba412d0"
        ],
        "9e4fca24-49cd-4b1b-91ae-0c0dcdce3d3b": [
          "cd42aea5-bc9a-4d19-a750-77cfbc430d56"
        ],
        "4fe38d7a-ba7c-4fac-9c1b-9c06e72717f4": [
          "2be7aa4e-30b2-411f-9b65-0c771a350e68",
          "9ca42e2a-4216-4de1-ab3d-184e9ea90668",
          "bb249eb1-e196-4f1e-a4d1-50f462bc4553"
        ],
        "f35b3ea2-118f-4799-af27-62cde341eb07": [
          "d00ab91f-0937-4ee2-b4a5-cf0b8e44f732"
        ],
        "13f2c5ae-8d69-4ed1-96f8-eac1df24e00c": [
          "b04139e8-a9dd-4559-93e8-82b325eed128"
        ]
      }
    },
    {
      "parents": {
        "31814979-fa1f-4c12-8f33-28a66eb1aa9f": [],
        "7b4be5be-dd9d-4452-b8ff-3c62e54e767b": [
          "31814979-fa1f-4c12-8f33-28a66eb1aa9f"
        ],
        "4fe38d7a-ba7c-4fac-9c1b-9c06e72717f4": [
          "e400ef62-a719-4afb-91e6-08830c3b15ca"
        ],
        "13d108aa-645d-412e-983c-d6abe7e0f6f1": [
          "7b4be5be-dd9d-4452-b8ff-3c62e54e767b"
        ],
        "f35b3ea2-118f-4799-af27-62cde341eb07": [
          "4fe38d7a-ba7c-4fac-9c1b-9c06e72717f4"
        ],
        "4cb5292f-0433-42f9-99e6-1098ffefa5d0": [
          "cd42aea5-bc9a-4d19-a750-77cfbc430d56"
        ],
        "326e35e1-d2f3-4998-86db-ae0174b05c73": [
          "754b5d4b-19f0-47a8-aa04-82b34ba412d0"
        ],
        "48d9baa2-3c0e-482f-a6da-bc0f1cbebffa": [
          "4fe38d7a-ba7c-4fac-9c1b-9c06e72717f4"
        ],
        "063cdd1e-4823-4efa-a9f8-a3d4678da3d7": [
          "4fe38d7a-ba7c-4fac-9c1b-9c06e72717f4"
        ],
        "2d33c927-5212-4238-8097-d6b9cdee10b7": [
          "4fe38d7a-ba7c-4fac-9c1b-9c06e72717f4"
        ]
      },
      "children": {
        "31814979-fa1f-4c12-8f33-28a66eb1aa9f": [
          "7b4be5be-dd9d-4452-b8ff-3c62e54e767b"
        ],
        "7b4be5be-dd9d-4452-b8ff-3c62e54e767b": [
          "13d108aa-645d-412e-983c-d6abe7e0f6f1"
        ],
        "4fe38d7a-ba7c-4fac-9c1b-9c06e72717f4": [
          "f35b3ea2-118f-4799-af27-62cde341eb07",
          "48d9baa2-3c0e-482f-a6da-bc0f1cbebffa",
          "063cdd1e-4823-4efa-a9f8-a3d4678da3d7",
          "2d33c927-5212-4238-8097-d6b9cdee10b7"
        ],
        "cd42aea5-bc9a-4d19-a750-77cfbc430d56": [
          "4cb5292f-0433-42f9-99e6-1098ffefa5d0"
        ],
        "754b5d4b-19f0-47a8-aa04-82b34ba412d0": [
          "326e35e1-d2f3-4998-86db-ae0174b05c73"
        ]
      }
    }
  ],
  "use_paradigm_breakthrough": true,
  "paradigm_tracker": {
    "window_size": 5,
    "improvement_threshold": 0.02,
    "max_paradigm_uses": 2,
    "max_tried_paradigms": 5,
    "num_paradigms_to_generate": 2,
    "improvement_history": [
      0.0,
      0.0,
      0.0,
      0.0,
      0.0
    ],
    "active_paradigms": [
      {
        "idea": "Use Coq.Sorting.Permutation to reason about list lengths and elements",
        "description": "Instead of manual list splitting with `in_split` and `app`, use the `Permutation` library. When an element `x` is found in `l2`, we can assert that `l2` is a permutation of `x :: l2'` for some `l2'`. Permutations preserve length (`Permutation_length`) and list membership (`Permutation_in`), which vastly simplifies the arithmetic and `In` predicate proofs. This avoids manual `app_length` and `in_app_or` reasoning, making the proof more robust and concise.",
        "what_to_optimize": "Proof brevity and maintainability (code_length)",
        "cautions": "Requires `Require Import Coq.Sorting.Permutation`. Need to carefully apply `Permutation_in` and `Permutation_length` when replacing `l2` with `x :: l2'`.",
        "approach_type": "Coq.Sorting.Permutation"
      },
      {
        "idea": "Use structural induction on l2 instead of l1",
        "description": "Instead of inducting on the 'pigeons' (`l1`), generalize the theorem and induct on the 'holes' (`l2`). If `length l2 < length l1`, and all elements of `l1` are in `l2`, inducting on the structure of `l2` allows us to cleanly remove one 'hole' at a time. For each element in `l2`, we can filter or partition `l1` to remove corresponding pigeons and apply the induction hypothesis to the remaining elements. This avoids the need for the `in_split` helper lemma entirely.",
        "what_to_optimize": "Proof structure and logical flow",