{
  "num_islands": 2,
  "current_island": 1,
  "iteration_count": 4,
  "global_best_score": 0.6,
  "decay": 0.9,
  "intensity_min": 0.15,
  "intensity_max": 0.5,
  "migration_interval": 10,
  "diversity_strategy_type": "code",
  "use_unified_archive": true,
  "use_adaptive_search": true,
  "use_ucb_selection": true,
  "fixed_intensity": 0.4,
  "adapter": {
    "states": [
      {
        "accumulated_signal": 0.2709999900000007,
        "best_score": 0.4,
        "improvement_count": 3,
        "total_evaluations": 3,
        "decay": 0.9,
        "epsilon": 1e-08,
        "intensity_min": 0.15,
        "intensity_max": 0.5
      },
      {
        "accumulated_signal": 0.2688999897500006,
        "best_score": 0.6,
        "improvement_count": 3,
        "total_evaluations": 3,
        "decay": 0.9,
        "epsilon": 1e-08,
        "intensity_min": 0.15,
        "intensity_max": 0.5
      }
    ],
    "dimension_visits": [
      3,
      3
    ],
    "dimension_rewards": [
      2.7099999500000025,
      1.7599999357500025
    ],
    "decayed_visits": [
      2.71,
      2.71
    ],
    "global_best_score": 0.6,
    "ucb_exploration": 1.41,
    "min_visits": 3,
    "decay": 0.9,
    "epsilon": 1e-08
  },
  "island_config_names": [
    "balanced",
    "balanced"
  ],
  "islands": [
    [
      "2f639d4a-5d71-4f4d-9e99-5b5672d6d629",
      "166ee0ab-dfd4-4d07-838d-d0eb7202ef5c",
      "25231a8e-c134-47a8-92b5-fe42a744d768"
    ],
    [
      "31bd8c32-a481-4895-a849-a3664c3911fe",
      "13f5c8e4-e2c5-4c39-ace7-2c476ec7de8a",
      "4c78e890-3148-4199-9c90-54da09d5f16d",
      "692166bb-72e7-4332-a58e-a28377cb58d1"
    ]
  ],
  "archive_genealogies": [
    {
      "parents": {
        "2f639d4a-5d71-4f4d-9e99-5b5672d6d629": [],
        "166ee0ab-dfd4-4d07-838d-d0eb7202ef5c": [
          "2f639d4a-5d71-4f4d-9e99-5b5672d6d629"
        ],
        "25231a8e-c134-47a8-92b5-fe42a744d768": [
          "166ee0ab-dfd4-4d07-838d-d0eb7202ef5c"
        ]
      },
      "children": {
        "2f639d4a-5d71-4f4d-9e99-5b5672d6d629": [
          "166ee0ab-dfd4-4d07-838d-d0eb7202ef5c"
        ],
        "166ee0ab-dfd4-4d07-838d-d0eb7202ef5c": [
          "25231a8e-c134-47a8-92b5-fe42a744d768"
        ]
      }
    },
    {
      "parents": {
        "31bd8c32-a481-4895-a849-a3664c3911fe": [],
        "13f5c8e4-e2c5-4c39-ace7-2c476ec7de8a": [
          "31bd8c32-a481-4895-a849-a3664c3911fe"
        ],
        "4c78e890-3148-4199-9c90-54da09d5f16d": [
          "13f5c8e4-e2c5-4c39-ace7-2c476ec7de8a"
        ],
        "692166bb-72e7-4332-a58e-a28377cb58d1": [
          "4c78e890-3148-4199-9c90-54da09d5f16d"
        ]
      },
      "children": {
        "31bd8c32-a481-4895-a849-a3664c3911fe": [
          "13f5c8e4-e2c5-4c39-ace7-2c476ec7de8a"
        ],
        "13f5c8e4-e2c5-4c39-ace7-2c476ec7de8a": [
          "4c78e890-3148-4199-9c90-54da09d5f16d"
        ],
        "4c78e890-3148-4199-9c90-54da09d5f16d": [
          "692166bb-72e7-4332-a58e-a28377cb58d1"
        ]
      }
    }
  ],
  "use_paradigm_breakthrough": true,
  "paradigm_tracker": {
    "window_size": 5,
    "improvement_threshold": 0.02,
    "max_paradigm_uses": 2,
    "max_tried_paradigms": 5,
    "num_paradigms_to_generate": 2,
    "improvement_history": [
      1.0,
      0.0,
      1.0,
      0.0,
      1.0
    ],
    "active_paradigms": [],
    "paradigm_usage_counts": {},
    "current_paradigm_index": 0,
    "tried_paradigms": [],
    "best_score_at_paradigm_gen": 0.0,
    "best_score_during_paradigm": 0.0
  }
}