{
  "num_islands": 2,
  "current_island": 1,
  "iteration_count": 4,
  "global_best_score": 0.6,
  "decay": 0.9,
  "intensity_min": 0.15,
  "intensity_max": 0.5,
  "migration_interval": 10,
  "diversity_strategy_type": "code",
  "use_unified_archive": true,
  "use_adaptive_search": true,
  "use_ucb_selection": true,
  "fixed_intensity": 0.4,
  "adapter": {
    "states": [
      {
        "accumulated_signal": 0.2709999900000007,
        "best_score": 0.4,
        "improvement_count": 3,
        "total_evaluations": 3,
        "decay": 0.9,
        "epsilon": 1e-08,
        "intensity_min": 0.15,
        "intensity_max": 0.5
      },
      {
        "accumulated_signal": 0.2688999897500006,
        "best_score": 0.6,
        "improvement_count": 3,
        "total_evaluations": 3,
        "decay": 0.9,
        "epsilon": 1e-08,
        "intensity_min": 0.15,
        "intensity_max": 0.5
      }
    ],
    "dimension_visits": [
      3,
      3
    ],
    "dimension_rewards": [
      2.7099999500000025,
      1.3549999661250007
    ],
    "decayed_visits": [
      2.71,
      2.71
    ],
    "global_best_score": 0.6,
    "ucb_exploration": 1.41,
    "min_visits": 3,
    "decay": 0.9,
    "epsilon": 1e-08
  },
  "island_config_names": [
    "balanced",
    "balanced"
  ],
  "islands": [
    [
      "871bcec8-d818-4d8a-bf1b-c0642ad8fe8f",
      "67affb31-8fc8-4516-84cb-268e4ba55e64",
      "a385e217-4a1e-4053-a89f-48cf9d8fb11f"
    ],
    [
      "5fcc212d-26e8-4149-89d0-7e19681018c7",
      "e3615421-b287-40f1-a836-eca4f404757e",
      "acd9f2b2-b13f-440a-abe5-e5b8f4f7f7d7",
      "fbd882f4-bf00-441a-9730-be62e9e5f33c"
    ]
  ],
  "archive_genealogies": [
    {
      "parents": {
        "871bcec8-d818-4d8a-bf1b-c0642ad8fe8f": [],
        "67affb31-8fc8-4516-84cb-268e4ba55e64": [
          "871bcec8-d818-4d8a-bf1b-c0642ad8fe8f"
        ],
        "a385e217-4a1e-4053-a89f-48cf9d8fb11f": [
          "67affb31-8fc8-4516-84cb-268e4ba55e64"
        ]
      },
      "children": {
        "871bcec8-d818-4d8a-bf1b-c0642ad8fe8f": [
          "67affb31-8fc8-4516-84cb-268e4ba55e64"
        ],
        "67affb31-8fc8-4516-84cb-268e4ba55e64": [
          "a385e217-4a1e-4053-a89f-48cf9d8fb11f"
        ]
      }
    },
    {
      "parents": {
        "5fcc212d-26e8-4149-89d0-7e19681018c7": [],
        "e3615421-b287-40f1-a836-eca4f404757e": [
          "5fcc212d-26e8-4149-89d0-7e19681018c7"
        ],
        "acd9f2b2-b13f-440a-abe5-e5b8f4f7f7d7": [
          "e3615421-b287-40f1-a836-eca4f404757e"
        ],
        "fbd882f4-bf00-441a-9730-be62e9e5f33c": [
          "acd9f2b2-b13f-440a-abe5-e5b8f4f7f7d7"
        ]
      },
      "children": {
        "5fcc212d-26e8-4149-89d0-7e19681018c7": [
          "e3615421-b287-40f1-a836-eca4f404757e"
        ],
        "e3615421-b287-40f1-a836-eca4f404757e": [
          "acd9f2b2-b13f-440a-abe5-e5b8f4f7f7d7"
        ],
        "acd9f2b2-b13f-440a-abe5-e5b8f4f7f7d7": [
          "fbd882f4-bf00-441a-9730-be62e9e5f33c"
        ]
      }
    }
  ],
  "use_paradigm_breakthrough": true,
  "paradigm_tracker": {
    "window_size": 5,
    "improvement_threshold": 0.02,
    "max_paradigm_uses": 2,
    "max_tried_paradigms": 5,
    "num_paradigms_to_generate": 2,
    "improvement_history": [
      1.0,
      1.0,
      0.0,
      0.0,
      1.0
    ],
    "active_paradigms": [],
    "paradigm_usage_counts": {},
    "current_paradigm_index": 0,
    "tried_paradigms": [],
    "best_score_at_paradigm_gen": 0.0,
    "best_score_during_paradigm": 0.0
  }
}