{
  "num_islands": 2,
  "current_island": 1,
  "iteration_count": 4,
  "global_best_score": 0.6,
  "decay": 0.9,
  "intensity_min": 0.15,
  "intensity_max": 0.5,
  "migration_interval": 10,
  "diversity_strategy_type": "code",
  "use_unified_archive": true,
  "use_adaptive_search": true,
  "use_ucb_selection": true,
  "fixed_intensity": 0.4,
  "adapter": {
    "states": [
      {
        "accumulated_signal": 0.2709999900000007,
        "best_score": 0.4,
        "improvement_count": 3,
        "total_evaluations": 3,
        "decay": 0.9,
        "epsilon": 1e-08,
        "intensity_min": 0.15,
        "intensity_max": 0.5
      },
      {
        "accumulated_signal": 0.2688999897500006,
        "best_score": 0.6,
        "improvement_count": 3,
        "total_evaluations": 3,
        "decay": 0.9,
        "epsilon": 1e-08,
        "intensity_min": 0.15,
        "intensity_max": 0.5
      }
    ],
    "dimension_visits": [
      3,
      3
    ],
    "dimension_rewards": [
      2.7099999500000025,
      1.3549999661250007
    ],
    "decayed_visits": [
      2.71,
      2.71
    ],
    "global_best_score": 0.6,
    "ucb_exploration": 1.41,
    "min_visits": 3,
    "decay": 0.9,
    "epsilon": 1e-08
  },
  "island_config_names": [
    "balanced",
    "balanced"
  ],
  "islands": [
    [
      "723ba1fb-5b86-4f90-aa4b-8f05bcd72e28",
      "c250c9c7-db09-4fc6-9ef2-89607a10c95d",
      "5d274b4b-3ccc-49c0-89cc-9064862e0973"
    ],
    [
      "0ec1bdb6-0f38-431f-8f33-532a73a316a5",
      "0b939435-ebb1-4dca-ba06-18cf8e63534e",
      "c2f4c3ef-76a9-4bf0-80fd-584703e5b68e",
      "6e726768-2f7d-4cdc-938d-3245f82230f6"
    ]
  ],
  "archive_genealogies": [
    {
      "parents": {
        "723ba1fb-5b86-4f90-aa4b-8f05bcd72e28": [],
        "c250c9c7-db09-4fc6-9ef2-89607a10c95d": [
          "723ba1fb-5b86-4f90-aa4b-8f05bcd72e28"
        ],
        "5d274b4b-3ccc-49c0-89cc-9064862e0973": [
          "c250c9c7-db09-4fc6-9ef2-89607a10c95d"
        ]
      },
      "children": {
        "723ba1fb-5b86-4f90-aa4b-8f05bcd72e28": [
          "c250c9c7-db09-4fc6-9ef2-89607a10c95d"
        ],
        "c250c9c7-db09-4fc6-9ef2-89607a10c95d": [
          "5d274b4b-3ccc-49c0-89cc-9064862e0973"
        ]
      }
    },
    {
      "parents": {
        "0ec1bdb6-0f38-431f-8f33-532a73a316a5": [],
        "0b939435-ebb1-4dca-ba06-18cf8e63534e": [
          "0ec1bdb6-0f38-431f-8f33-532a73a316a5"
        ],
        "c2f4c3ef-76a9-4bf0-80fd-584703e5b68e": [
          "0b939435-ebb1-4dca-ba06-18cf8e63534e"
        ],
        "6e726768-2f7d-4cdc-938d-3245f82230f6": [
          "c2f4c3ef-76a9-4bf0-80fd-584703e5b68e"
        ]
      },
      "children": {
        "0ec1bdb6-0f38-431f-8f33-532a73a316a5": [
          "0b939435-ebb1-4dca-ba06-18cf8e63534e"
        ],
        "0b939435-ebb1-4dca-ba06-18cf8e63534e": [
          "c2f4c3ef-76a9-4bf0-80fd-584703e5b68e"
        ],
        "c2f4c3ef-76a9-4bf0-80fd-584703e5b68e": [
          "6e726768-2f7d-4cdc-938d-3245f82230f6"
        ]
      }
    }
  ],
  "use_paradigm_breakthrough": true,
  "paradigm_tracker": {
    "window_size": 5,
    "improvement_threshold": 0.02,
    "max_paradigm_uses": 2,
    "max_tried_paradigms": 5,
    "num_paradigms_to_generate": 2,
    "improvement_history": [
      1.0,
      1.0,
      0.0,
      0.0,
      1.0
    ],
    "active_paradigms": [],
    "paradigm_usage_counts": {},
    "current_paradigm_index": 0,
    "tried_paradigms": [],
    "best_score_at_paradigm_gen": 0.0,
    "best_score_during_paradigm": 0.0
  }
}