{
  "id": "a2da166c-dfdc-41d9-9e00-0dea461235fe",
  "generation": 0,
  "iteration": 7,
  "timestamp": 1772669833.0067992,
  "parent_id": "a4842186-f662-4be8-88bf-af5baab7df58",
  "metrics": {
    "combined_score": 1.0,
    "compiles": 1.0,
    "proved": 4,
    "total": 4
  },
  "language": "coq",
  "saved_at": 1772669997.991769
}