{
  "num_islands": 2,
  "current_island": 1,
  "iteration_count": 19,
  "global_best_score": 1.0,
  "decay": 0.9,
  "intensity_min": 0.15,
  "intensity_max": 0.5,
  "migration_interval": 10,
  "diversity_strategy_type": "code",
  "use_unified_archive": true,
  "use_adaptive_search": true,
  "use_ucb_selection": true,
  "fixed_intensity": 0.4,
  "adapter": {
    "states": [
      {
        "accumulated_signal": 0.2763999946500001,
        "best_score": 1.0,
        "improvement_count": 4,
        "total_evaluations": 11,
        "decay": 0.9,
        "epsilon": 1e-08,
        "intensity_min": 0.15,
        "intensity_max": 0.5
      },
      {
        "accumulated_signal": 0.2763999946500001,
        "best_score": 1.0,
        "improvement_count": 3,
        "total_evaluations": 11,
        "decay": 0.9,
        "epsilon": 1e-08,
        "intensity_min": 0.15,
        "intensity_max": 0.5
      }
    ],
    "dimension_visits": [
      11,
      11
    ],
    "dimension_rewards": [
      1.1199174252618154,
      0.9728558697189961
    ],
    "decayed_visits": [
      6.861894039100001,
      6.861894039100001
    ],
    "global_best_score": 1.0,
    "ucb_exploration": 1.41,
    "min_visits": 3,
    "decay": 0.9,
    "epsilon": 1e-08
  },
  "island_config_names": [
    "balanced",
    "balanced"
  ],
  "islands": [
    [
      "99c7e514-fcca-4ce4-a20a-d9501d168110",
      "9e4fca24-49cd-4b1b-91ae-0c0dcdce3d3b",
      "f1dc47f2-e63f-4896-98fa-933af06db7d5",
      "754b5d4b-19f0-47a8-aa04-82b34ba412d0",
      "cd42aea5-bc9a-4d19-a750-77cfbc430d56",
      "2be7aa4e-30b2-411f-9b65-0c771a350e68",
      "d00ab91f-0937-4ee2-b4a5-cf0b8e44f732",
      "044c9b17-806d-4353-b493-84440947eedb",
      "9ca42e2a-4216-4de1-ab3d-184e9ea90668",
      "7c9e351e-6d99-488a-a428-bad061e93236"
    ],
    [
      "31814979-fa1f-4c12-8f33-28a66eb1aa9f",
      "7b4be5be-dd9d-4452-b8ff-3c62e54e767b",
      "4fe38d7a-ba7c-4fac-9c1b-9c06e72717f4",
      "13d108aa-645d-412e-983c-d6abe7e0f6f1",
      "f35b3ea2-118f-4799-af27-62cde341eb07",
      "4cb5292f-0433-42f9-99e6-1098ffefa5d0",
      "326e35e1-d2f3-4998-86db-ae0174b05c73",
      "48d9baa2-3c0e-482f-a6da-bc0f1cbebffa",
      "f767d943-f444-4cab-9a84-ba90e285a18f",
      "13f2c5ae-8d69-4ed1-96f8-eac1df24e00c"
    ]
  ],
  "archive_genealogies": [
    {
      "parents": {
        "99c7e514-fcca-4ce4-a20a-d9501d168110": [],
        "9e4fca24-49cd-4b1b-91ae-0c0dcdce3d3b": [
          "99c7e514-fcca-4ce4-a20a-d9501d168110"
        ],
        "f1dc47f2-e63f-4896-98fa-933af06db7d5": [
          "99c7e514-fcca-4ce4-a20a-d9501d168110"
        ],
        "754b5d4b-19f0-47a8-aa04-82b34ba412d0": [
          "f1dc47f2-e63f-4896-98fa-933af06db7d5"
        ],
        "cd42aea5-bc9a-4d19-a750-77cfbc430d56": [
          "9e4fca24-49cd-4b1b-91ae-0c0dcdce3d3b"
        ],
        "2be7aa4e-30b2-411f-9b65-0c771a350e68": [
          "4fe38d7a-ba7c-4fac-9c1b-9c06e72717f4"
        ],
        "d00ab91f-0937-4ee2-b4a5-cf0b8e44f732": [
          "f35b3ea2-118f-4799-af27-62cde341eb07"
        ],
        "044c9b17-806d-4353-b493-84440947eedb": [
          "e400ef62-a719-4afb-91e6-08830c3b15ca"
        ],
        "9ca42e2a-4216-4de1-ab3d-184e9ea90668": [
          "4fe38d7a-ba7c-4fac-9c1b-9c06e72717f4"
        ],
        "7c9e351e-6d99-488a-a428-bad061e93236": [
          "4fe38d7a-ba7c-4fac-9c1b-9c06e72717f4"
        ]
      },
      "children": {
        "99c7e514-fcca-4ce4-a20a-d9501d168110": [
          "9e4fca24-49cd-4b1b-91ae-0c0dcdce3d3b",
          "f1dc47f2-e63f-4896-98fa-933af06db7d5"
        ],
        "f1dc47f2-e63f-4896-98fa-933af06db7d5": [
          "754b5d4b-19f0-47a8-aa04-82b34ba412d0"
        ],
        "9e4fca24-49cd-4b1b-91ae-0c0dcdce3d3b": [
          "cd42aea5-bc9a-4d19-a750-77cfbc430d56"
        ],
        "4fe38d7a-ba7c-4fac-9c1b-9c06e72717f4": [
          "2be7aa4e-30b2-411f-9b65-0c771a350e68",
          "9ca42e2a-4216-4de1-ab3d-184e9ea90668",
          "7c9e351e-6d99-488a-a428-bad061e93236"
        ],
        "f35b3ea2-118f-4799-af27-62cde341eb07": [
          "d00ab91f-0937-4ee2-b4a5-cf0b8e44f732"
        ],
        "e400ef62-a719-4afb-91e6-08830c3b15ca": [
          "044c9b17-806d-4353-b493-84440947eedb"
        ]
      }
    },
    {
      "parents": {
        "31814979-fa1f-4c12-8f33-28a66eb1aa9f": [],
        "7b4be5be-dd9d-4452-b8ff-3c62e54e767b": [
          "31814979-fa1f-4c12-8f33-28a66eb1aa9f"
        ],
        "4fe38d7a-ba7c-4fac-9c1b-9c06e72717f4": [
          "e400ef62-a719-4afb-91e6-08830c3b15ca"
        ],
        "13d108aa-645d-412e-983c-d6abe7e0f6f1": [
          "7b4be5be-dd9d-4452-b8ff-3c62e54e767b"
        ],
        "f35b3ea2-118f-4799-af27-62cde341eb07": [
          "4fe38d7a-ba7c-4fac-9c1b-9c06e72717f4"
        ],
        "4cb5292f-0433-42f9-99e6-1098ffefa5d0": [
          "cd42aea5-bc9a-4d19-a750-77cfbc430d56"
        ],
        "326e35e1-d2f3-4998-86db-ae0174b05c73": [
          "754b5d4b-19f0-47a8-aa04-82b34ba412d0"
        ],
        "48d9baa2-3c0e-482f-a6da-bc0f1cbebffa": [
          "4fe38d7a-ba7c-4fac-9c1b-9c06e72717f4"
        ],
        "f767d943-f444-4cab-9a84-ba90e285a18f": [
          "4fe38d7a-ba7c-4fac-9c1b-9c06e72717f4"
        ],
        "13f2c5ae-8d69-4ed1-96f8-eac1df24e00c": [
          "4fe38d7a-ba7c-4fac-9c1b-9c06e72717f4"
        ]
      },
      "children": {
        "31814979-fa1f-4c12-8f33-28a66eb1aa9f": [
          "7b4be5be-dd9d-4452-b8ff-3c62e54e767b"
        ],
        "7b4be5be-dd9d-4452-b8ff-3c62e54e767b": [
          "13d108aa-645d-412e-983c-d6abe7e0f6f1"
        ],
        "4fe38d7a-ba7c-4fac-9c1b-9c06e72717f4": [
          "f35b3ea2-118f-4799-af27-62cde341eb07",
          "48d9baa2-3c0e-482f-a6da-bc0f1cbebffa",
          "f767d943-f444-4cab-9a84-ba90e285a18f",
          "13f2c5ae-8d69-4ed1-96f8-eac1df24e00c"
        ],
        "cd42aea5-bc9a-4d19-a750-77cfbc430d56": [
          "4cb5292f-0433-42f9-99e6-1098ffefa5d0"
        ],
        "754b5d4b-19f0-47a8-aa04-82b34ba412d0": [
          "326e35e1-d2f3-4998-86db-ae0174b05c73"
        ]
      }
    }
  ],
  "use_paradigm_breakthrough": true,
  "paradigm_tracker": {
    "window_size": 5,
    "improvement_threshold": 0.02,
    "max_paradigm_uses": 2,
    "max_tried_paradigms": 5,
    "num_paradigms_to_generate": 2,
    "improvement_history": [
      0.0,
      0.0,
      0.0,
      0.0,
      0.0
    ],
    "active_paradigms": [
      {
        "idea": "Leverage ssreflect for concise list manipulation and structural proofs",
        "description": "Transition the proof style to use the ssreflect extension (Small Scale Reflection). This involves replacing standard Coq tactics with ssreflect's more powerful bookkeeping and rewrite tactics (e.g., `move=>`, `elim`, `rewrite`). By using ssreflect, the proof scripts become more robust and significantly shorter, reducing the likelihood of context management errors during deductive synthesis. It is particularly effective for list inductions and logical case analysis. The implementation should focus on refactoring the `in_split` and main pigeonhole theorem using `elim: l1 => [|x l1' IH] //=` and boolean reflection if applicable.",
        "what_to_optimize": "code_length and proof readability",
        "cautions": "Requires `Require Import ssreflect.` and may require adapting standard library list lemmas to their boolean reflection counterparts if using `mathcomp`.",
        "approach_type": "coq.tactics.ssreflect"
      },
      {
        "idea": "Utilize forward reasoning and declarative proof styles with Coq's C-B-C",