{
  "num_islands": 2,
  "current_island": 1,
  "iteration_count": 50,
  "global_best_score": 1.0,
  "decay": 0.9,
  "intensity_min": 0.15,
  "intensity_max": 0.5,
  "migration_interval": 10,
  "diversity_strategy_type": "code",
  "use_unified_archive": true,
  "use_adaptive_search": true,
  "use_ucb_selection": true,
  "fixed_intensity": 0.4,
  "adapter": {
    "states": [
      {
        "accumulated_signal": 0.05965062611113911,
        "best_score": 1.0,
        "improvement_count": 6,
        "total_evaluations": 14,
        "decay": 0.9,
        "epsilon": 1e-08,
        "intensity_min": 0.15,
        "intensity_max": 0.5
      },
      {
        "accumulated_signal": 0.06928810302011561,
        "best_score": 1.0,
        "improvement_count": 5,
        "total_evaluations": 13,
        "decay": 0.9,
        "epsilon": 1e-08,
        "intensity_min": 0.15,
        "intensity_max": 0.5
      }
    ],
    "dimension_visits": [
      14,
      13
    ],
    "dimension_rewards": [
      0.491594334721115,
      0.23852104172883165
    ],
    "decayed_visits": [
      7.7123207545039,
      7.458134171671
    ],
    "global_best_score": 1.0,
    "ucb_exploration": 1.41,
    "min_visits": 3,
    "decay": 0.9,
    "epsilon": 1e-08
  },
  "island_config_names": [
    "balanced",
    "balanced"
  ],
  "islands": [
    [
      "0d2527bc-f543-4acc-8784-e86d9a540588",
      "d854c29c-2dd3-415b-8c5f-bf46bb73d6bd",
      "4173df5e-4f5e-46b3-9f40-a478fb0476e9",
      "27f85b84-4db8-4ed5-8f53-48799f0b8e32",
      "eb47cc79-3712-4934-8455-2772d643974a",
      "875bf109-a76f-4458-b013-a02f55254f75",
      "2359be4c-1051-40ff-8948-869587080903",
      "1c78cf64-539b-4b01-a6dd-bc11a80874f2",
      "2f48a671-ba04-4019-9dcc-b9318df2d13f",
      "bf9e4ce8-0e5f-4296-bedd-1e4bc45a0527"
    ],
    [
      "632ab835-8898-43b0-8fc6-649b779e958c",
      "40a1194f-dcce-438d-8176-38e8ae2d35ce",
      "ab6d30cb-f75e-4a04-9d98-e57b5355e7c3",
      "eb1317fe-4c52-43dc-8d0a-a60728083e86",
      "939470a2-55a8-467f-bb20-b039f0c6f4f1",
      "8d252578-3be8-4b46-9288-1df1a21645cb",
      "18fe5a56-7032-4f20-9a95-c8bf86cbcfc6",
      "58188568-edad-4694-b87a-81c52177ed82",
      "38d11bc8-f822-4c65-a61f-fc3c454a18aa",
      "665d3060-8267-4176-a048-1e97635238bb"
    ]
  ],
  "archive_genealogies": [
    {
      "parents": {
        "0d2527bc-f543-4acc-8784-e86d9a540588": [],
        "d854c29c-2dd3-415b-8c5f-bf46bb73d6bd": [
          "0d2527bc-f543-4acc-8784-e86d9a540588"
        ],
        "4173df5e-4f5e-46b3-9f40-a478fb0476e9": [
          "d854c29c-2dd3-415b-8c5f-bf46bb73d6bd"
        ],
        "27f85b84-4db8-4ed5-8f53-48799f0b8e32": [
          "4173df5e-4f5e-46b3-9f40-a478fb0476e9"
        ],
        "eb47cc79-3712-4934-8455-2772d643974a": [
          "4173df5e-4f5e-46b3-9f40-a478fb0476e9"
        ],
        "875bf109-a76f-4458-b013-a02f55254f75": [
          "e8345948-bb94-4e82-a55f-d1e2104b0b08"
        ],
        "2359be4c-1051-40ff-8948-869587080903": [
          "58188568-edad-4694-b87a-81c52177ed82"
        ],
        "1c78cf64-539b-4b01-a6dd-bc11a80874f2": [
          "38d11bc8-f822-4c65-a61f-fc3c454a18aa"
        ],
        "2f48a671-ba04-4019-9dcc-b9318df2d13f": [
          "58188568-edad-4694-b87a-81c52177ed82"
        ],
        "bf9e4ce8-0e5f-4296-bedd-1e4bc45a0527": [
          "58188568-edad-4694-b87a-81c52177ed82"
        ]
      },
      "children": {
        "0d2527bc-f543-4acc-8784-e86d9a540588": [
          "d854c29c-2dd3-415b-8c5f-bf46bb73d6bd"
        ],
        "d854c29c-2dd3-415b-8c5f-bf46bb73d6bd": [
          "4173df5e-4f5e-46b3-9f40-a478fb0476e9"
        ],
        "4173df5e-4f5e-46b3-9f40-a478fb0476e9": [
          "27f85b84-4db8-4ed5-8f53-48799f0b8e32",
          "eb47cc79-3712-4934-8455-2772d643974a"
        ],
        "58188568-edad-4694-b87a-81c52177ed82": [
          "2359be4c-1051-40ff-8948-869587080903",
          "2f48a671-ba04-4019-9dcc-b9318df2d13f",
          "bf9e4ce8-0e5f-4296-bedd-1e4bc45a0527"
        ],
        "38d11bc8-f822-4c65-a61f-fc3c454a18aa": [
          "1c78cf64-539b-4b01-a6dd-bc11a80874f2"
        ]
      }
    },
    {
      "parents": {
        "632ab835-8898-43b0-8fc6-649b779e958c": [],
        "40a1194f-dcce-438d-8176-38e8ae2d35ce": [
          "632ab835-8898-43b0-8fc6-649b779e958c"
        ],
        "ab6d30cb-f75e-4a04-9d98-e57b5355e7c3": [
          "40a1194f-dcce-438d-8176-38e8ae2d35ce"
        ],
        "eb1317fe-4c52-43dc-8d0a-a60728083e86": [
          "ab6d30cb-f75e-4a04-9d98-e57b5355e7c3"
        ],
        "939470a2-55a8-467f-bb20-b039f0c6f4f1": [
          "eb47cc79-3712-4934-8455-2772d643974a"
        ],
        "8d252578-3be8-4b46-9288-1df1a21645cb": [
          "4173df5e-4f5e-46b3-9f40-a478fb0476e9"
        ],
        "18fe5a56-7032-4f20-9a95-c8bf86cbcfc6": [
          "d854c29c-2dd3-415b-8c5f-bf46bb73d6bd"
        ],
        "58188568-edad-4694-b87a-81c52177ed82": [
          "ab5a6cfa-484b-46cf-817e-e520ddfdb846"
        ],
        "38d11bc8-f822-4c65-a61f-fc3c454a18aa": [
          "58188568-edad-4694-b87a-81c52177ed82"
        ],
        "665d3060-8267-4176-a048-1e97635238bb": [
          "2f48a671-ba04-4019-9dcc-b9318df2d13f"
        ]
      },
      "children": {
        "632ab835-8898-43b0-8fc6-649b779e958c": [
          "40a1194f-dcce-438d-8176-38e8ae2d35ce"
        ],
        "40a1194f-dcce-438d-8176-38e8ae2d35ce": [
          "ab6d30cb-f75e-4a04-9d98-e57b5355e7c3"
        ],
        "ab6d30cb-f75e-4a04-9d98-e57b5355e7c3": [
          "eb1317fe-4c52-43dc-8d0a-a60728083e86"
        ],
        "eb47cc79-3712-4934-8455-2772d643974a": [
          "939470a2-55a8-467f-bb20-b039f0c6f4f1"
        ],
        "4173df5e-4f5e-46b3-9f40-a478fb0476e9": [
          "8d252578-3be8-4b46-9288-1df1a21645cb"
        ],
        "d854c29c-2dd3-415b-8c5f-bf46bb73d6bd": [
          "18fe5a56-7032-4f20-9a95-c8bf86cbcfc6"
        ],
        "ab5a6cfa-484b-46cf-817e-e520ddfdb846": [
          "58188568-edad-4694-b87a-81c52177ed82"
        ],
        "58188568-edad-4694-b87a-81c52177ed82": [
          "38d11bc8-f822-4c65-a61f-fc3c454a18aa"
        ],
        "2f48a671-ba04-4019-9dcc-b9318df2d13f": [
          "665d3060-8267-4176-a048-1e97635238bb"
        ]
      }
    }
  ],
  "use_paradigm_breakthrough": true,
  "paradigm_tracker": {
    "window_size": 5,
    "improvement_threshold": 0.02,
    "max_paradigm_uses": 2,
    "max_tried_paradigms": 5,
    "num_paradigms_to_generate": 2,
    "improvement_history": [
      0.0,
      0.0,
      0.0,
      0.0,
      0.0
    ],
    "active_paradigms": [
      {
        "idea": "Use the intuition tactic for propositional logic simplification",
        "description": "The intuition tactic is a decision procedure for intuitionistic propositional logic. It can automatically solve or simplify many of the propositional tautologies that arise when reasoning about regular expression matching, especially those involving logical connectives like AND, OR, and NOT. By applying intuition before more complex manual proofs, we can discharge trivial subgoals and reduce the overall proof length. This is particularly useful in lemmas like union_disj or app_ne where the structure is heavily propositional.",
        "what_to_optimize": "combined_score",
        "cautions": "Do not use intuition if it loops or takes too long; it may over-simplify goals making them harder to read if it doesn't completely solve them.",
        "approach_type": "coq.tactics.intuition"
      },
      {
        "idea": "Use inversion for structural hypothesis analysis",