{
  "id": "7abccb90-9f25-4ab4-a796-cc5eb0fdae29",
  "generation": 4,
  "iteration": 30,
  "current_iteration": 30,
  "metrics": {
    "combined_score": 0.9285714285714286,
    "compiles": 1.0,
    "qed_count": 13.0,
    "admitted_count": 1.0,
    "todo_count": 0.0,
    "code_length": 356.0,
    "done": 0.0
  },
  "language": "coq",
  "timestamp": 1773196409.9275799,
  "saved_at": 1773196410.120895
}