{
  "id": "36869397-77d6-4b82-9d00-356a1aa5e2a9",
  "generation": 1,
  "iteration": 1,
  "current_iteration": 5,
  "metrics": {
    "combined_score": 0.625,
    "compiles": 1.0,
    "qed_count": 10.0,
    "admitted_count": 4.0,
    "todo_count": 2.0,
    "code_length": 213.0,
    "done": 0.0
  },
  "language": "coq",
  "timestamp": 1773187217.905935,
  "saved_at": 1773187764.392004
}