{
  "num_islands": 2,
  "current_island": 1,
  "iteration_count": 9,
  "global_best_score": 1.0,
  "decay": 0.9,
  "intensity_min": 0.15,
  "intensity_max": 0.5,
  "migration_interval": 10,
  "diversity_strategy_type": "code",
  "use_unified_archive": true,
  "use_adaptive_search": true,
  "use_ucb_selection": true,
  "fixed_intensity": 0.4,
  "adapter": {
    "states": [
      {
        "accumulated_signal": 0.19599999850000002,
        "best_score": 0.5,
        "improvement_count": 3,
        "total_evaluations": 5,
        "decay": 0.9,
        "epsilon": 1e-08,
        "intensity_min": 0.15,
        "intensity_max": 0.5
      },
      {
        "accumulated_signal": 0.2763999946500001,
        "best_score": 1.0,
        "improvement_count": 3,
        "total_evaluations": 6,
        "decay": 0.9,
        "epsilon": 1e-08,
        "intensity_min": 0.15,
        "intensity_max": 0.5
      }
    ],
    "dimension_visits": [
      5,
      6
    ],
    "dimension_rewards": [
      1.5517666650000002,
      1.6475399578638015
    ],
    "decayed_visits": [
      4.0951,
      4.68559
    ],
    "global_best_score": 1.0,
    "ucb_exploration": 1.41,
    "min_visits": 3,
    "decay": 0.9,
    "epsilon": 1e-08
  },
  "island_config_names": [
    "balanced",
    "balanced"
  ],
  "islands": [
    [
      "99c7e514-fcca-4ce4-a20a-d9501d168110",
      "9e4fca24-49cd-4b1b-91ae-0c0dcdce3d3b",
      "f1dc47f2-e63f-4896-98fa-933af06db7d5",
      "754b5d4b-19f0-47a8-aa04-82b34ba412d0",
      "cd42aea5-bc9a-4d19-a750-77cfbc430d56"
    ],
    [
      "31814979-fa1f-4c12-8f33-28a66eb1aa9f",
      "7b4be5be-dd9d-4452-b8ff-3c62e54e767b",
      "e400ef62-a719-4afb-91e6-08830c3b15ca",
      "4fe38d7a-ba7c-4fac-9c1b-9c06e72717f4",
      "13d108aa-645d-412e-983c-d6abe7e0f6f1",
      "f35b3ea2-118f-4799-af27-62cde341eb07",
      "566f6ca2-778e-4b0f-9db2-868a2eb9e378"
    ]
  ],
  "archive_genealogies": [
    {
      "parents": {
        "99c7e514-fcca-4ce4-a20a-d9501d168110": [],
        "9e4fca24-49cd-4b1b-91ae-0c0dcdce3d3b": [
          "99c7e514-fcca-4ce4-a20a-d9501d168110"
        ],
        "f1dc47f2-e63f-4896-98fa-933af06db7d5": [
          "99c7e514-fcca-4ce4-a20a-d9501d168110"
        ],
        "754b5d4b-19f0-47a8-aa04-82b34ba412d0": [
          "f1dc47f2-e63f-4896-98fa-933af06db7d5"
        ],
        "cd42aea5-bc9a-4d19-a750-77cfbc430d56": [
          "9e4fca24-49cd-4b1b-91ae-0c0dcdce3d3b"
        ]
      },
      "children": {
        "99c7e514-fcca-4ce4-a20a-d9501d168110": [
          "9e4fca24-49cd-4b1b-91ae-0c0dcdce3d3b",
          "f1dc47f2-e63f-4896-98fa-933af06db7d5"
        ],
        "f1dc47f2-e63f-4896-98fa-933af06db7d5": [
          "754b5d4b-19f0-47a8-aa04-82b34ba412d0"
        ],
        "9e4fca24-49cd-4b1b-91ae-0c0dcdce3d3b": [
          "cd42aea5-bc9a-4d19-a750-77cfbc430d56"
        ]
      }
    },
    {
      "parents": {
        "31814979-fa1f-4c12-8f33-28a66eb1aa9f": [],
        "7b4be5be-dd9d-4452-b8ff-3c62e54e767b": [
          "31814979-fa1f-4c12-8f33-28a66eb1aa9f"
        ],
        "e400ef62-a719-4afb-91e6-08830c3b15ca": [
          "7b4be5be-dd9d-4452-b8ff-3c62e54e767b"
        ],
        "4fe38d7a-ba7c-4fac-9c1b-9c06e72717f4": [
          "e400ef62-a719-4afb-91e6-08830c3b15ca"
        ],
        "13d108aa-645d-412e-983c-d6abe7e0f6f1": [
          "7b4be5be-dd9d-4452-b8ff-3c62e54e767b"
        ],
        "f35b3ea2-118f-4799-af27-62cde341eb07": [
          "4fe38d7a-ba7c-4fac-9c1b-9c06e72717f4"
        ],
        "566f6ca2-778e-4b0f-9db2-868a2eb9e378": [
          "4fe38d7a-ba7c-4fac-9c1b-9c06e72717f4"
        ]
      },
      "children": {
        "31814979-fa1f-4c12-8f33-28a66eb1aa9f": [
          "7b4be5be-dd9d-4452-b8ff-3c62e54e767b"
        ],
        "7b4be5be-dd9d-4452-b8ff-3c62e54e767b": [
          "e400ef62-a719-4afb-91e6-08830c3b15ca",
          "13d108aa-645d-412e-983c-d6abe7e0f6f1"
        ],
        "e400ef62-a719-4afb-91e6-08830c3b15ca": [
          "4fe38d7a-ba7c-4fac-9c1b-9c06e72717f4"
        ],
        "4fe38d7a-ba7c-4fac-9c1b-9c06e72717f4": [
          "f35b3ea2-118f-4799-af27-62cde341eb07",
          "566f6ca2-778e-4b0f-9db2-868a2eb9e378"
        ]
      }
    }
  ],
  "use_paradigm_breakthrough": true,
  "paradigm_tracker": {
    "window_size": 5,
    "improvement_threshold": 0.02,
    "max_paradigm_uses": 2,
    "max_tried_paradigms": 5,
    "num_paradigms_to_generate": 2,
    "improvement_history": [
      0.0,
      0.0,
      0.0,
      0.0,
      0.0
    ],
    "active_paradigms": [],
    "paradigm_usage_counts": {},
    "current_paradigm_index": 0,
    "tried_paradigms": [],
    "best_score_at_paradigm_gen": 0.0,
    "best_score_during_paradigm": 0.0
  }
}