{
  "num_islands": 2,
  "current_island": 1,
  "iteration_count": 24,
  "global_best_score": 1.0,
  "decay": 0.9,
  "intensity_min": 0.15,
  "intensity_max": 0.5,
  "migration_interval": 10,
  "diversity_strategy_type": "code",
  "use_unified_archive": true,
  "use_adaptive_search": true,
  "use_ucb_selection": true,
  "fixed_intensity": 0.4,
  "adapter": {
    "states": [
      {
        "accumulated_signal": 0.20659999640001678,
        "best_score": 1.0,
        "improvement_count": 5,
        "total_evaluations": 15,
        "decay": 0.9,
        "epsilon": 1e-08,
        "intensity_min": 0.15,
        "intensity_max": 0.5
      },
      {
        "accumulated_signal": 0.2501499998437499,
        "best_score": 1.0,
        "improvement_count": 3,
        "total_evaluations": 11,
        "decay": 0.9,
        "epsilon": 1e-08,
        "intensity_min": 0.15,
        "intensity_max": 0.5
      }
    ],
    "dimension_visits": [
      15,
      11
    ],
    "dimension_rewards": [
      0.9830893698252007,
      0.8122269974318042
    ],
    "decayed_visits": [
      7.94108867905351,
      6.861894039100001
    ],
    "global_best_score": 1.0,
    "ucb_exploration": 1.41,
    "min_visits": 3,
    "decay": 0.9,
    "epsilon": 1e-08
  },
  "island_config_names": [
    "balanced",
    "balanced"
  ],
  "islands": [
    [
      "bb351693-a0fe-4ce8-a513-1c5afb7a29b6",
      "1397939d-28df-402e-9179-8b8e2ba0af87",
      "f51975a5-b791-4ed2-a4e2-dfffa9366459",
      "629e5ff8-ffc9-4d01-88ca-7ea89a57c970",
      "ee37782f-09f0-4119-949e-7c5644cd524e",
      "1b773223-8810-4e7f-99d3-5a5c4d8b284e",
      "eda3cb3a-3980-48f7-975b-e7abd8fbea5c",
      "e83a5ac1-3e57-4f89-9064-9e3bfba09cb8",
      "37d67b0c-5ca5-4d7e-b592-46ed153a5a18",
      "5bb5abd0-7f9a-472a-bff8-e266da867ce1"
    ],
    [
      "7f70ae7d-675b-42fd-ae85-b484736c8170",
      "b1398dfd-5dea-4bba-ab4e-bf6b7c2587bf",
      "cf1adefe-7f92-47af-9e42-2189ac530896",
      "71339ae0-21e6-4625-9afa-1d5ad68fe1e7",
      "abd8a1b8-203b-4f7b-a6f6-961b37141b3b",
      "c6c5c781-0f98-49fa-8323-04e9ed5df8be",
      "58c582bb-31f6-4bdd-bd71-27f16049e640",
      "61b1289f-490b-4b33-a4e4-edff86e37dc8",
      "7a4cdef5-c1c0-4b4d-a108-986fad669384",
      "3c9f29f4-01a7-4eee-9508-dc889a94bf49"
    ]
  ],
  "archive_genealogies": [
    {
      "parents": {
        "bb351693-a0fe-4ce8-a513-1c5afb7a29b6": [],
        "1397939d-28df-402e-9179-8b8e2ba0af87": [
          "bb351693-a0fe-4ce8-a513-1c5afb7a29b6"
        ],
        "f51975a5-b791-4ed2-a4e2-dfffa9366459": [
          "1397939d-28df-402e-9179-8b8e2ba0af87"
        ],
        "629e5ff8-ffc9-4d01-88ca-7ea89a57c970": [
          "1397939d-28df-402e-9179-8b8e2ba0af87"
        ],
        "ee37782f-09f0-4119-949e-7c5644cd524e": [
          "629e5ff8-ffc9-4d01-88ca-7ea89a57c970"
        ],
        "1b773223-8810-4e7f-99d3-5a5c4d8b284e": [
          "abd8a1b8-203b-4f7b-a6f6-961b37141b3b"
        ],
        "eda3cb3a-3980-48f7-975b-e7abd8fbea5c": [
          "f51975a5-b791-4ed2-a4e2-dfffa9366459"
        ],
        "e83a5ac1-3e57-4f89-9064-9e3bfba09cb8": [
          "ee37782f-09f0-4119-949e-7c5644cd524e"
        ],
        "37d67b0c-5ca5-4d7e-b592-46ed153a5a18": [
          "e83a5ac1-3e57-4f89-9064-9e3bfba09cb8"
        ],
        "5bb5abd0-7f9a-472a-bff8-e266da867ce1": [
          "e83a5ac1-3e57-4f89-9064-9e3bfba09cb8"
        ]
      },
      "children": {
        "bb351693-a0fe-4ce8-a513-1c5afb7a29b6": [
          "1397939d-28df-402e-9179-8b8e2ba0af87"
        ],
        "1397939d-28df-402e-9179-8b8e2ba0af87": [
          "f51975a5-b791-4ed2-a4e2-dfffa9366459",
          "629e5ff8-ffc9-4d01-88ca-7ea89a57c970"
        ],
        "629e5ff8-ffc9-4d01-88ca-7ea89a57c970": [
          "ee37782f-09f0-4119-949e-7c5644cd524e"
        ],
        "ee37782f-09f0-4119-949e-7c5644cd524e": [
          "e83a5ac1-3e57-4f89-9064-9e3bfba09cb8"
        ],
        "abd8a1b8-203b-4f7b-a6f6-961b37141b3b": [
          "1b773223-8810-4e7f-99d3-5a5c4d8b284e"
        ],
        "f51975a5-b791-4ed2-a4e2-dfffa9366459": [
          "eda3cb3a-3980-48f7-975b-e7abd8fbea5c"
        ],
        "e83a5ac1-3e57-4f89-9064-9e3bfba09cb8": [
          "37d67b0c-5ca5-4d7e-b592-46ed153a5a18",
          "5bb5abd0-7f9a-472a-bff8-e266da867ce1"
        ]
      }
    },
    {
      "parents": {
        "7f70ae7d-675b-42fd-ae85-b484736c8170": [],
        "b1398dfd-5dea-4bba-ab4e-bf6b7c2587bf": [
          "7f70ae7d-675b-42fd-ae85-b484736c8170"
        ],
        "cf1adefe-7f92-47af-9e42-2189ac530896": [
          "7f70ae7d-675b-42fd-ae85-b484736c8170"
        ],
        "71339ae0-21e6-4625-9afa-1d5ad68fe1e7": [
          "cf1adefe-7f92-47af-9e42-2189ac530896"
        ],
        "abd8a1b8-203b-4f7b-a6f6-961b37141b3b": [
          "cf1adefe-7f92-47af-9e42-2189ac530896"
        ],
        "c6c5c781-0f98-49fa-8323-04e9ed5df8be": [
          "ee37782f-09f0-4119-949e-7c5644cd524e"
        ],
        "58c582bb-31f6-4bdd-bd71-27f16049e640": [
          "629e5ff8-ffc9-4d01-88ca-7ea89a57c970"
        ],
        "61b1289f-490b-4b33-a4e4-edff86e37dc8": [
          "c6c5c781-0f98-49fa-8323-04e9ed5df8be"
        ],
        "7a4cdef5-c1c0-4b4d-a108-986fad669384": [
          "61b1289f-490b-4b33-a4e4-edff86e37dc8"
        ],
        "3c9f29f4-01a7-4eee-9508-dc889a94bf49": [
          "e83a5ac1-3e57-4f89-9064-9e3bfba09cb8"
        ]
      },
      "children": {
        "7f70ae7d-675b-42fd-ae85-b484736c8170": [
          "b1398dfd-5dea-4bba-ab4e-bf6b7c2587bf",
          "cf1adefe-7f92-47af-9e42-2189ac530896"
        ],
        "cf1adefe-7f92-47af-9e42-2189ac530896": [
          "71339ae0-21e6-4625-9afa-1d5ad68fe1e7",
          "abd8a1b8-203b-4f7b-a6f6-961b37141b3b"
        ],
        "ee37782f-09f0-4119-949e-7c5644cd524e": [
          "c6c5c781-0f98-49fa-8323-04e9ed5df8be"
        ],
        "629e5ff8-ffc9-4d01-88ca-7ea89a57c970": [
          "58c582bb-31f6-4bdd-bd71-27f16049e640"
        ],
        "c6c5c781-0f98-49fa-8323-04e9ed5df8be": [
          "61b1289f-490b-4b33-a4e4-edff86e37dc8"
        ],
        "61b1289f-490b-4b33-a4e4-edff86e37dc8": [
          "7a4cdef5-c1c0-4b4d-a108-986fad669384"
        ],
        "e83a5ac1-3e57-4f89-9064-9e3bfba09cb8": [
          "3c9f29f4-01a7-4eee-9508-dc889a94bf49"
        ]
      }
    }
  ],
  "use_paradigm_breakthrough": true,
  "paradigm_tracker": {
    "window_size": 5,
    "improvement_threshold": 0.02,
    "max_paradigm_uses": 2,
    "max_tried_paradigms": 5,
    "num_paradigms_to_generate": 2,
    "improvement_history": [
      0.0,
      0.0,
      0.0,
      0.0,
      0.0
    ],
    "active_paradigms": [
      {
        "idea": "Verified quicksort via well-founded recursion and List.partition",
        "description": "Implement quicksort over nat using list partitioning around a pivot and prove correctness. Define qs as a Program Fixpoint with measure length l, and use List.partition (with predicate fun x => Nat.leb x pivot) to split the tail into <= pivot and > pivot parts. Recursively sort both partitions and concatenate as qs left ++ pivot :: qs right. Prove well-foundedness by showing both partitions are strictly shorter than the input list; discharge those obligations with lia and bounds on partition lengths. Establish permutation via standard lemmas about partition (Permutation of l = left ++ right ++ [pivot]) and Permutation_app/perm_skip. Prove sortedness by combining sortedness of recursive calls with a bridging lemma: all elements in left <= pivot and pivot <= all elements in right, which follow from partition's specification and Nat.leb properties. This yields asymptotically better extracted performance than insertion sort while maintaining a concise, modular proof.",
        "what_to_optimize": "Maintain combined_score=1.0 while reducing proof complexity and improving asymptotic runtime of the extracted code.",